Dataset,Cond_ratio,Ridge,k,Learn_A,Epoch,Acc,Std.,Time
Cora,0.25,1e-3,1,0,79,77.62,0.19,1.249
Cora,0.25,1e-3,1,1,186,75.80,0.46,1.721
Cora,0.25,1e-3,2,0,83,81.10,0.77,1.188
Cora,0.25,1e-3,2,1,104,75.66,2.63,0.984
Cora,0.25,1e-3,3,0,79,82.04,0.51,1.101
Cora,0.25,1e-3,3,1,195,70.08,4.16,1.811
Cora,0.25,1e-3,4,0,91,81.86,0.36,1.150
Cora,0.25,1e-3,4,1,139,59.00,15.53,1.299
Cora,0.25,1e-3,5,0,89,81.64,0.62,0.666
Cora,0.25,1e-3,5,1,177,47.46,18.90,1.596
Cora,0.25,1e-2,1,0,69,77.94,0.36,1.081
Cora,0.25,1e-2,1,1,188,77.30,0.39,1.656
Cora,0.25,1e-2,2,0,84,81.56,0.84,1.069
Cora,0.25,1e-2,2,1,182,76.20,2.72,1.569
Cora,0.25,1e-2,3,0,98,82.46,0.28,1.255
Cora,0.25,1e-2,3,1,186,74.26,2.69,1.394
Cora,0.25,1e-2,4,0,114,82.14,0.38,1.470
Cora,0.25,1e-2,4,1,128,61.76,5.76,1.182
Cora,0.25,1e-2,5,0,98,82.04,0.30,0.766
Cora,0.25,1e-2,5,1,194,42.92,15.14,1.533
Cora,0.25,1e-1,1,0,84,77.88,0.93,1.181
Cora,0.25,1e-1,1,1,154,77.20,1.04,1.184
Cora,0.25,1e-1,2,0,81,81.46,0.43,1.259
Cora,0.25,1e-1,2,1,179,75.94,1.26,1.361
Cora,0.25,1e-1,3,0,118,81.60,0.72,1.559
Cora,0.25,1e-1,3,1,199,71.70,3.44,1.610
Cora,0.25,1e-1,4,0,96,82.24,0.52,1.125
Cora,0.25,1e-1,4,1,195,50.04,10.47,1.464
Cora,0.25,1e-1,5,0,92,82.00,0.81,0.791
Cora,0.25,1e-1,5,1,199,36.34,10.01,1.488
Cora,0.25,5e-1,1,0,92,77.78,0.80,1.271
Cora,0.25,5e-1,1,1,190,76.98,1.98,1.485
Cora,0.25,5e-1,2,0,100,81.56,1.34,1.331
Cora,0.25,5e-1,2,1,165,78.80,1.01,1.288
Cora,0.25,5e-1,3,0,101,82.22,0.68,1.152
Cora,0.25,5e-1,3,1,200,63.20,5.54,1.412
Cora,0.25,5e-1,4,0,101,82.16,1.28,1.249
Cora,0.25,5e-1,4,1,200,35.36,9.35,1.500
Cora,0.25,5e-1,5,0,113,82.22,0.99,0.909
Cora,0.25,5e-1,5,1,158,23.90,5.66,1.219
Cora,0.25,1e0,1,0,110,78.02,0.64,1.553
Cora,0.25,1e0,1,1,165,77.02,0.78,1.312
Cora,0.25,1e0,2,0,111,81.22,1.61,1.454
Cora,0.25,1e0,2,1,188,78.30,1.48,1.371
Cora,0.25,1e0,3,0,112,82.38,0.94,1.442
Cora,0.25,1e0,3,1,195,57.20,7.73,1.402
Cora,0.25,1e0,4,0,110,81.82,1.58,1.642
Cora,0.25,1e0,4,1,160,24.98,5.78,1.257
Cora,0.25,1e0,5,0,120,82.30,1.11,0.913
Cora,0.25,1e0,5,1,161,23.90,5.74,1.254
Cora,0.25,5,1,0,136,77.70,0.78,1.731
Cora,0.25,5,1,1,198,74.90,1.28,1.454
Cora,0.25,5,2,0,172,82.06,1.34,1.996
Cora,0.25,5,2,1,200,59.46,6.04,1.444
Cora,0.25,5,3,0,193,81.68,0.99,1.782
Cora,0.25,5,3,1,153,23.00,4.72,1.224
Cora,0.25,5,4,0,163,81.80,0.83,1.981
Cora,0.25,5,4,1,163,23.62,5.71,1.398
Cora,0.25,5,5,0,170,82.20,0.62,1.201
Cora,0.25,5,5,1,165,23.36,6.06,1.424
Cora,0.25,1e1,1,0,182,76.60,2.25,1.990
Cora,0.25,1e1,1,1,193,70.44,4.21,1.559
Cora,0.25,1e1,2,0,175,80.62,1.71,1.851
Cora,0.25,1e1,2,1,197,35.24,5.26,1.453
Cora,0.25,1e1,3,0,200,80.22,1.45,2.210
Cora,0.25,1e1,3,1,147,22.62,4.47,1.231
Cora,0.25,1e1,4,0,172,80.76,2.05,2.023
Cora,0.25,1e1,4,1,169,23.68,5.90,1.417
Cora,0.25,1e1,5,0,162,80.12,1.23,1.136
Cora,0.25,1e1,5,1,169,23.30,6.10,1.346
Cora,0.5,1e-3,1,0,67,77.54,0.57,1.043
Cora,0.5,1e-3,1,1,175,76.56,0.62,1.307
Cora,0.5,1e-3,2,0,56,81.10,0.60,1.029
Cora,0.5,1e-3,2,1,81,77.74,0.89,0.798
Cora,0.5,1e-3,3,0,114,82.00,0.48,1.478
Cora,0.5,1e-3,3,1,171,78.18,1.75,1.315
Cora,0.5,1e-3,4,0,70,82.04,0.71,1.304
Cora,0.5,1e-3,4,1,186,74.86,4.68,1.473
Cora,0.5,1e-3,5,0,123,81.74,0.44,1.014
Cora,0.5,1e-3,5,1,198,46.94,3.94,1.471
Cora,0.5,1e-2,1,0,73,78.04,0.34,1.078
Cora,0.5,1e-2,1,1,139,77.02,0.80,1.232
Cora,0.5,1e-2,2,0,90,81.88,0.68,1.336
Cora,0.5,1e-2,2,1,80,77.58,2.53,0.805
Cora,0.5,1e-2,3,0,79,82.06,0.28,1.211
Cora,0.5,1e-2,3,1,199,78.32,3.94,1.579
Cora,0.5,1e-2,4,0,99,82.30,0.75,1.556
Cora,0.5,1e-2,4,1,198,66.82,6.63,1.549
Cora,0.5,1e-2,5,0,88,81.74,0.60,0.808
Cora,0.5,1e-2,5,1,198,21.90,3.05,1.432
Cora,0.5,1e-1,1,0,81,77.70,0.45,1.203
Cora,0.5,1e-1,1,1,134,76.30,0.78,1.168
Cora,0.5,1e-1,2,0,93,81.64,0.90,1.378
Cora,0.5,1e-1,2,1,152,77.80,1.82,1.272
Cora,0.5,1e-1,3,0,120,81.94,0.22,1.604
Cora,0.5,1e-1,3,1,190,76.28,3.16,1.478
Cora,0.5,1e-1,4,0,107,82.04,0.93,1.481
Cora,0.5,1e-1,4,1,173,33.86,6.45,1.230
Cora,0.5,1e-1,5,0,85,81.60,0.76,0.762
Cora,0.5,1e-1,5,1,181,26.08,1.59,1.358
Cora,0.5,5e-1,1,0,85,77.94,0.57,1.425
Cora,0.5,5e-1,1,1,129,76.52,1.19,1.085
Cora,0.5,5e-1,2,0,90,81.40,0.73,1.372
Cora,0.5,5e-1,2,1,200,79.34,0.40,1.541
Cora,0.5,5e-1,3,0,97,81.92,1.05,1.327
Cora,0.5,5e-1,3,1,198,58.48,11.98,1.606
Cora,0.5,5e-1,4,0,89,82.56,0.70,1.174
Cora,0.5,5e-1,4,1,190,22.82,1.91,1.488
Cora,0.5,5e-1,5,0,95,81.74,1.35,0.858
Cora,0.5,5e-1,5,1,199,20.56,1.80,1.595
Cora,0.5,1e0,1,0,97,77.88,0.88,1.416
Cora,0.5,1e0,1,1,128,76.68,0.70,1.170
Cora,0.5,1e0,2,0,106,81.58,0.37,1.426
Cora,0.5,1e0,2,1,195,80.46,0.93,1.435
Cora,0.5,1e0,3,0,101,82.36,0.92,1.329
Cora,0.5,1e0,3,1,198,50.02,11.37,1.592
Cora,0.5,1e0,4,0,109,81.98,1.19,1.509
Cora,0.5,1e0,4,1,199,21.32,1.21,1.371
Cora,0.5,1e0,5,0,103,82.02,0.55,0.934
Cora,0.5,1e0,5,1,195,20.74,1.27,1.563
Cora,0.5,5,1,0,146,77.46,1.00,1.597
Cora,0.5,5,1,1,181,76.58,2.07,1.465
Cora,0.5,5,2,0,128,81.26,1.22,1.714
Cora,0.5,5,2,1,200,62.64,11.33,1.744
Cora,0.5,5,3,0,130,82.26,0.60,1.695
Cora,0.5,5,3,1,162,24.70,7.91,1.405
Cora,0.5,5,4,0,129,82.18,1.03,1.826
Cora,0.5,5,4,1,176,21.26,7.57,1.454
Cora,0.5,5,5,0,129,81.66,0.59,1.066
Cora,0.5,5,5,1,198,20.60,0.91,1.647
Cora,0.5,1e1,1,0,133,77.28,0.56,1.438
Cora,0.5,1e1,1,1,198,73.92,2.43,1.592
Cora,0.5,1e1,2,0,179,81.52,0.53,1.974
Cora,0.5,1e1,2,1,199,33.42,5.23,1.577
Cora,0.5,1e1,3,0,163,81.64,0.96,2.016
Cora,0.5,1e1,3,1,180,22.98,6.88,1.443
Cora,0.5,1e1,4,0,145,81.22,1.27,1.581
Cora,0.5,1e1,4,1,179,21.50,7.69,1.506
Cora,0.5,1e1,5,0,175,81.70,0.98,1.252
Cora,0.5,1e1,5,1,199,20.48,0.97,1.484
Cora,1,1e-3,1,0,52,77.16,0.36,0.788
Cora,1,1e-3,1,1,81,77.30,0.85,0.810
Cora,1,1e-3,2,0,59,80.92,0.96,1.126
Cora,1,1e-3,2,1,180,79.52,0.74,1.585
Cora,1,1e-3,3,0,58,81.58,1.32,1.090
Cora,1,1e-3,3,1,196,78.28,0.86,1.622
Cora,1,1e-3,4,0,69,82.12,0.54,1.143
Cora,1,1e-3,4,1,198,72.90,5.19,1.779
Cora,1,1e-3,5,0,76,81.78,0.88,0.846
Cora,1,1e-3,5,1,195,16.52,2.34,1.768
Cora,1,1e-2,1,0,88,78.08,0.63,1.334
Cora,1,1e-2,1,1,110,77.58,0.77,1.027
Cora,1,1e-2,2,0,121,81.64,0.30,1.652
Cora,1,1e-2,2,1,72,80.88,0.99,0.857
Cora,1,1e-2,3,0,111,82.06,0.80,1.513
Cora,1,1e-2,3,1,194,78.56,1.42,1.633
Cora,1,1e-2,4,0,87,82.48,0.69,1.328
Cora,1,1e-2,4,1,200,22.66,3.63,1.736
Cora,1,1e-2,5,0,90,82.36,0.39,0.863
Cora,1,1e-2,5,1,193,21.26,2.72,1.823
Cora,1,1e-1,1,0,90,77.58,0.79,1.585
Cora,1,1e-1,1,1,90,77.54,0.65,0.984
Cora,1,1e-1,2,0,80,81.50,0.52,1.436
Cora,1,1e-1,2,1,166,79.58,0.58,1.510
Cora,1,1e-1,3,0,100,82.04,0.77,1.670
Cora,1,1e-1,3,1,195,74.02,4.64,1.756
Cora,1,1e-1,4,0,85,82.36,1.07,1.543
Cora,1,1e-1,4,1,1,18.36,9.02,0.258
Cora,1,1e-1,5,0,83,81.94,0.85,0.836
Cora,1,1e-1,5,1,200,18.22,0.13,2.002
Cora,1,5e-1,1,0,79,77.82,0.26,1.356
Cora,1,5e-1,1,1,113,77.54,0.86,1.154
Cora,1,5e-1,2,0,80,81.24,0.30,1.376
Cora,1,5e-1,2,1,141,80.54,0.58,1.245
Cora,1,5e-1,3,0,84,82.02,0.88,1.308
Cora,1,5e-1,3,1,200,21.58,3.42,1.925
Cora,1,5e-1,4,0,93,82.58,0.68,1.523
Cora,1,5e-1,4,1,200,19.50,3.47,1.809
Cora,1,5e-1,5,0,81,81.92,0.54,0.771
Cora,1,5e-1,5,1,200,19.44,2.98,1.858
Cora,1,1e0,1,0,83,77.84,0.42,1.361
Cora,1,1e0,1,1,124,77.54,0.29,1.264
Cora,1,1e0,2,0,89,81.58,0.46,1.372
Cora,1,1e0,2,1,199,78.52,0.99,1.765
Cora,1,1e0,3,0,89,82.20,0.31,1.376
Cora,1,1e0,3,1,200,17.84,4.41,1.843
Cora,1,1e0,4,0,94,82.40,1.08,1.505
Cora,1,1e0,4,1,194,16.64,4.49,1.651
Cora,1,1e0,5,0,94,81.94,1.51,0.880
Cora,1,1e0,5,1,197,16.56,3.54,1.889
Cora,1,5,1,0,130,77.56,0.67,2.032
Cora,1,5,1,1,173,77.42,0.94,1.598
Cora,1,5,2,0,127,81.30,1.47,1.899
Cora,1,5,2,1,198,29.68,5.18,1.978
Cora,1,5,3,0,121,81.82,1.15,1.840
Cora,1,5,3,1,191,17.88,7.80,1.677
Cora,1,5,4,0,122,82.18,0.98,1.834
Cora,1,5,4,1,189,17.10,8.36,1.891
Cora,1,5,5,0,131,82.22,0.81,1.180
Cora,1,5,5,1,199,16.34,3.47,1.932
Cora,1,1e1,1,0,164,78.10,1.92,2.186
Cora,1,1e1,1,1,198,72.96,2.53,1.783
Cora,1,1e1,2,0,153,81.38,0.77,2.107
Cora,1,1e1,2,1,200,20.66,1.66,1.909
Cora,1,1e1,3,0,160,81.80,1.10,1.982
Cora,1,1e1,3,1,193,17.78,7.58,1.635
Cora,1,1e1,4,0,159,81.92,0.27,2.511
Cora,1,1e1,4,1,199,15.94,3.51,1.754
Cora,1,1e1,5,0,137,81.34,0.73,1.262
Cora,1,1e1,5,1,196,16.34,3.61,1.805
Citeseer,0.25,1e-3,1,0,52,69.60,0.62,0.905
Citeseer,0.25,1e-3,1,1,188,69.78,0.72,1.307
Citeseer,0.25,1e-3,2,0,66,71.36,0.71,0.965
Citeseer,0.25,1e-3,2,1,90,66.52,2.48,0.766
Citeseer,0.25,1e-3,3,0,79,71.18,0.59,1.142
Citeseer,0.25,1e-3,3,1,195,61.96,4.50,1.417
Citeseer,0.25,1e-3,4,0,80,71.12,0.75,1.357
Citeseer,0.25,1e-3,4,1,182,55.90,9.18,1.442
Citeseer,0.25,1e-3,5,0,86,71.44,0.44,0.714
Citeseer,0.25,1e-3,5,1,162,46.70,13.94,1.087
Citeseer,0.25,1e-2,1,0,69,70.74,0.34,1.110
Citeseer,0.25,1e-2,1,1,166,70.16,0.88,1.354
Citeseer,0.25,1e-2,2,0,98,71.70,0.32,1.422
Citeseer,0.25,1e-2,2,1,84,64.96,1.60,0.803
Citeseer,0.25,1e-2,3,0,89,71.74,0.76,1.287
Citeseer,0.25,1e-2,3,1,200,64.14,2.75,1.536
Citeseer,0.25,1e-2,4,0,90,71.78,0.33,1.274
Citeseer,0.25,1e-2,4,1,176,61.06,5.36,1.355
Citeseer,0.25,1e-2,5,0,80,71.84,1.13,0.733
Citeseer,0.25,1e-2,5,1,194,47.80,6.18,1.455
Citeseer,0.25,1e-1,1,0,75,70.96,0.45,1.050
Citeseer,0.25,1e-1,1,1,128,69.88,0.47,1.006
Citeseer,0.25,1e-1,2,0,82,71.68,0.58,1.459
Citeseer,0.25,1e-1,2,1,198,65.28,3.24,1.447
Citeseer,0.25,1e-1,3,0,86,71.70,1.04,1.618
Citeseer,0.25,1e-1,3,1,196,66.88,1.66,1.465
Citeseer,0.25,1e-1,4,0,89,71.78,0.46,1.291
Citeseer,0.25,1e-1,4,1,199,60.54,9.04,1.416
Citeseer,0.25,1e-1,5,0,75,71.86,0.24,0.690
Citeseer,0.25,1e-1,5,1,193,47.58,8.03,1.377
Citeseer,0.25,5e-1,1,0,86,70.44,0.50,1.329
Citeseer,0.25,5e-1,1,1,128,69.36,0.46,0.958
Citeseer,0.25,5e-1,2,0,102,72.16,1.06,1.361
Citeseer,0.25,5e-1,2,1,186,69.02,1.62,1.361
Citeseer,0.25,5e-1,3,0,104,71.76,0.59,1.411
Citeseer,0.25,5e-1,3,1,197,66.34,1.99,1.332
Citeseer,0.25,5e-1,4,0,95,71.64,0.61,1.294
Citeseer,0.25,5e-1,4,1,197,44.32,10.71,1.385
Citeseer,0.25,5e-1,5,0,97,72.18,0.81,0.867
Citeseer,0.25,5e-1,5,1,197,31.90,1.50,1.406
Citeseer,0.25,1e0,1,0,104,70.26,0.68,1.144
Citeseer,0.25,1e0,1,1,145,69.58,1.10,1.182
Citeseer,0.25,1e0,2,0,109,71.96,0.90,1.485
Citeseer,0.25,1e0,2,1,194,70.28,1.45,1.627
Citeseer,0.25,1e0,3,0,109,71.92,0.69,1.446
Citeseer,0.25,1e0,3,1,198,59.26,7.06,1.569
Citeseer,0.25,1e0,4,0,113,71.90,0.92,1.399
Citeseer,0.25,1e0,4,1,192,32.42,1.73,1.579
Citeseer,0.25,1e0,5,0,103,71.74,0.50,0.816
Citeseer,0.25,1e0,5,1,193,31.64,1.40,1.296
Citeseer,0.25,5,1,0,135,70.54,0.78,1.756
Citeseer,0.25,5,1,1,177,69.78,1.99,1.389
Citeseer,0.25,5,2,0,141,72.44,0.82,1.679
Citeseer,0.25,5,2,1,199,57.56,3.31,1.435
Citeseer,0.25,5,3,0,141,72.34,0.93,1.773
Citeseer,0.25,5,3,1,200,33.40,2.69,1.500
Citeseer,0.25,5,4,0,146,72.38,1.07,2.001
Citeseer,0.25,5,4,1,195,31.64,1.39,1.457
Citeseer,0.25,5,5,0,146,72.60,0.96,1.109
Citeseer,0.25,5,5,1,194,31.56,1.07,1.321
Citeseer,0.25,1e1,1,0,159,70.70,0.25,1.690
Citeseer,0.25,1e1,1,1,197,68.46,2.05,1.604
Citeseer,0.25,1e1,2,0,172,72.66,1.99,1.614
Citeseer,0.25,1e1,2,1,200,41.04,5.46,1.656
Citeseer,0.25,1e1,3,0,167,71.82,1.11,2.680
Citeseer,0.25,1e1,3,1,163,31.08,2.01,1.171
Citeseer,0.25,1e1,4,0,171,72.40,0.57,2.350
Citeseer,0.25,1e1,4,1,163,31.40,2.80,1.394
Citeseer,0.25,1e1,5,0,166,73.10,1.53,1.132
Citeseer,0.25,1e1,5,1,191,31.64,1.23,1.256
Citeseer,0.5,1e-3,1,0,47,69.38,1.73,0.930
Citeseer,0.5,1e-3,1,1,128,70.16,0.57,1.140
Citeseer,0.5,1e-3,2,0,57,71.38,1.40,0.876
Citeseer,0.5,1e-3,2,1,118,67.28,1.75,0.943
Citeseer,0.5,1e-3,3,0,57,70.96,1.22,0.958
Citeseer,0.5,1e-3,3,1,117,66.24,0.74,1.035
Citeseer,0.5,1e-3,4,0,50,71.38,0.80,1.113
Citeseer,0.5,1e-3,4,1,111,62.80,2.21,0.900
Citeseer,0.5,1e-3,5,0,53,71.60,0.25,0.574
Citeseer,0.5,1e-3,5,1,193,50.02,6.68,1.512
Citeseer,0.5,1e-2,1,0,68,70.56,0.75,1.085
Citeseer,0.5,1e-2,1,1,114,70.40,0.67,0.968
Citeseer,0.5,1e-2,2,0,91,72.08,0.43,1.282
Citeseer,0.5,1e-2,2,1,79,68.42,2.19,0.754
Citeseer,0.5,1e-2,3,0,69,71.80,0.45,1.269
Citeseer,0.5,1e-2,3,1,138,64.98,1.21,1.214
Citeseer,0.5,1e-2,4,0,68,71.78,0.81,1.139
Citeseer,0.5,1e-2,4,1,175,60.44,3.71,1.491
Citeseer,0.5,1e-2,5,0,69,72.26,0.64,0.745
Citeseer,0.5,1e-2,5,1,197,34.02,3.01,1.565
Citeseer,0.5,1e-1,1,0,74,70.80,0.34,1.033
Citeseer,0.5,1e-1,1,1,106,70.10,1.28,0.953
Citeseer,0.5,1e-1,2,0,82,72.24,1.06,1.199
Citeseer,0.5,1e-1,2,1,114,67.76,2.58,0.947
Citeseer,0.5,1e-1,3,0,78,71.96,1.14,1.142
Citeseer,0.5,1e-1,3,1,149,67.92,2.32,1.290
Citeseer,0.5,1e-1,4,0,81,71.68,0.60,1.090
Citeseer,0.5,1e-1,4,1,200,49.74,5.18,1.684
Citeseer,0.5,1e-1,5,0,80,72.40,1.26,0.720
Citeseer,0.5,1e-1,5,1,200,30.48,1.45,1.623
Citeseer,0.5,5e-1,1,0,79,70.58,0.32,1.242
Citeseer,0.5,5e-1,1,1,129,69.78,0.79,1.078
Citeseer,0.5,5e-1,2,0,93,72.80,0.58,1.670
Citeseer,0.5,5e-1,2,1,149,69.74,1.51,1.255
Citeseer,0.5,5e-1,3,0,75,71.42,0.29,1.189
Citeseer,0.5,5e-1,3,1,200,56.26,8.05,1.456
Citeseer,0.5,5e-1,4,0,93,72.44,0.96,1.260
Citeseer,0.5,5e-1,4,1,159,31.90,3.44,1.267
Citeseer,0.5,5e-1,5,0,90,72.30,1.17,0.849
Citeseer,0.5,5e-1,5,1,163,30.90,4.53,1.301
Citeseer,0.5,1e0,1,0,95,71.00,0.48,1.502
Citeseer,0.5,1e0,1,1,141,70.12,0.62,1.038
Citeseer,0.5,1e0,2,0,96,71.72,0.46,1.518
Citeseer,0.5,1e0,2,1,183,70.20,1.72,1.425
Citeseer,0.5,1e0,3,0,105,71.28,0.79,1.576
Citeseer,0.5,1e0,3,1,200,34.60,5.29,1.540
Citeseer,0.5,1e0,4,0,101,71.70,0.81,1.479
Citeseer,0.5,1e0,4,1,168,31.96,3.43,1.519
Citeseer,0.5,1e0,5,0,100,71.94,1.20,0.946
Citeseer,0.5,1e0,5,1,177,32.36,2.59,1.619
Citeseer,0.5,5,1,0,124,70.70,1.16,1.461
Citeseer,0.5,5,1,1,179,71.28,0.98,1.469
Citeseer,0.5,5,2,0,131,71.94,1.00,1.859
Citeseer,0.5,5,2,1,200,40.88,3.53,1.784
Citeseer,0.5,5,3,0,138,72.22,1.07,1.686
Citeseer,0.5,5,3,1,167,31.72,2.76,1.487
Citeseer,0.5,5,4,0,142,72.08,0.64,1.595
Citeseer,0.5,5,4,1,177,31.82,2.47,1.384
Citeseer,0.5,5,5,0,136,72.24,0.93,1.109
Citeseer,0.5,5,5,1,180,32.32,2.51,1.673
Citeseer,0.5,1e1,1,0,147,71.00,0.59,2.240
Citeseer,0.5,1e1,1,1,200,70.14,0.95,1.677
Citeseer,0.5,1e1,2,0,164,72.42,0.23,1.759
Citeseer,0.5,1e1,2,1,194,32.94,4.21,1.603
Citeseer,0.5,1e1,3,0,155,72.08,1.23,2.092
Citeseer,0.5,1e1,3,1,170,31.66,2.75,1.436
Citeseer,0.5,1e1,4,0,156,72.36,1.62,2.059
Citeseer,0.5,1e1,4,1,171,31.48,2.73,1.350
Citeseer,0.5,1e1,5,0,158,72.64,0.92,1.248
Citeseer,0.5,1e1,5,1,184,32.54,2.75,1.401
Citeseer,1,1e-3,1,0,38,68.94,1.69,1.014
Citeseer,1,1e-3,1,1,119,70.14,0.62,1.068
Citeseer,1,1e-3,2,0,43,71.16,0.89,0.996
Citeseer,1,1e-3,2,1,59,69.46,1.00,0.639
Citeseer,1,1e-3,3,0,33,71.44,0.75,0.955
Citeseer,1,1e-3,3,1,72,66.06,1.92,0.825
Citeseer,1,1e-3,4,0,33,71.52,0.70,0.948
Citeseer,1,1e-3,4,1,173,63.32,1.70,1.542
Citeseer,1,1e-3,5,0,33,71.48,0.38,0.540
Citeseer,1,1e-3,5,1,192,33.98,4.16,1.662
Citeseer,1,1e-2,1,0,46,70.40,0.34,0.875
Citeseer,1,1e-2,1,1,96,70.50,0.54,0.966
Citeseer,1,1e-2,2,0,83,71.86,0.67,1.405
Citeseer,1,1e-2,2,1,71,69.86,0.91,0.808
Citeseer,1,1e-2,3,0,71,71.88,0.41,1.348
Citeseer,1,1e-2,3,1,98,65.16,2.75,1.051
Citeseer,1,1e-2,4,0,79,71.82,0.64,1.608
Citeseer,1,1e-2,4,1,200,49.40,8.03,1.819
Citeseer,1,1e-2,5,0,80,71.86,0.27,0.878
Citeseer,1,1e-2,5,1,165,31.48,0.19,1.504
Citeseer,1,1e-1,1,0,70,70.16,0.38,1.329
Citeseer,1,1e-1,1,1,94,70.68,0.73,0.949
Citeseer,1,1e-1,2,0,79,71.90,0.37,1.278
Citeseer,1,1e-1,2,1,93,69.00,1.67,0.951
Citeseer,1,1e-1,3,0,83,71.90,0.35,1.604
Citeseer,1,1e-1,3,1,198,61.70,3.88,1.877
Citeseer,1,1e-1,4,0,77,72.08,0.91,1.187
Citeseer,1,1e-1,4,1,200,20.48,1.09,1.824
Citeseer,1,1e-1,5,0,77,72.26,1.10,0.807
Citeseer,1,1e-1,5,1,200,19.50,0.72,1.767
Citeseer,1,5e-1,1,0,75,70.56,0.50,1.292
Citeseer,1,5e-1,1,1,121,69.06,1.66,1.065
Citeseer,1,5e-1,2,0,85,71.56,0.17,1.266
Citeseer,1,5e-1,2,1,154,68.30,1.55,1.463
Citeseer,1,5e-1,3,0,88,71.32,0.30,1.290
Citeseer,1,5e-1,3,1,200,25.92,0.92,1.805
Citeseer,1,5e-1,4,0,77,71.52,0.33,1.455
Citeseer,1,5e-1,4,1,200,24.66,0.78,1.791
Citeseer,1,5e-1,5,0,80,71.88,0.30,0.821
Citeseer,1,5e-1,5,1,200,23.04,1.64,1.907
Citeseer,1,1e0,1,0,83,70.54,0.56,1.435
Citeseer,1,1e0,1,1,119,68.78,0.61,1.142
Citeseer,1,1e0,2,0,80,71.66,0.39,1.481
Citeseer,1,1e0,2,1,200,55.96,5.03,1.638
Citeseer,1,1e0,3,0,82,71.32,0.28,1.308
Citeseer,1,1e0,3,1,200,25.86,0.83,1.875
Citeseer,1,1e0,4,0,81,71.48,0.26,1.509
Citeseer,1,1e0,4,1,200,24.40,0.86,1.723
Citeseer,1,1e0,5,0,93,71.64,0.86,0.931
Citeseer,1,1e0,5,1,200,22.88,1.68,1.980
Citeseer,1,5,1,0,120,70.50,0.85,1.904
Citeseer,1,5,1,1,173,71.08,0.45,1.669
Citeseer,1,5,2,0,128,71.96,0.49,1.812
Citeseer,1,5,2,1,200,26.34,0.73,1.674
Citeseer,1,5,3,0,129,72.06,0.60,1.863
Citeseer,1,5,3,1,200,23.76,1.14,1.675
Citeseer,1,5,4,0,129,72.34,0.49,1.879
Citeseer,1,5,4,1,200,21.70,1.86,1.740
Citeseer,1,5,5,0,122,72.30,1.26,1.171
Citeseer,1,5,5,1,200,19.78,0.99,1.792
Citeseer,1,1e1,1,0,147,70.24,0.80,2.462
Citeseer,1,1e1,1,1,200,51.74,3.54,1.665
Citeseer,1,1e1,2,0,143,71.80,0.43,2.132
Citeseer,1,1e1,2,1,200,23.96,1.07,1.608
Citeseer,1,1e1,3,0,142,71.94,1.29,2.087
Citeseer,1,1e1,3,1,200,20.10,1.22,1.631
Citeseer,1,1e1,4,0,156,71.92,1.22,2.038
Citeseer,1,1e1,4,1,200,18.80,0.47,1.953
Citeseer,1,1e1,5,0,143,72.34,1.25,1.312
Citeseer,1,1e1,5,1,200,18.18,0.42,1.691
Pubmed,0.25,1e-3,1,0,200,77.48,0.60,1.451
Pubmed,0.25,1e-3,1,1,164,69.28,5.17,1.022
Pubmed,0.25,1e-3,2,0,189,79.18,0.45,1.457
Pubmed,0.25,1e-3,2,1,193,57.62,16.68,1.097
Pubmed,0.25,1e-3,3,0,184,78.70,0.49,1.737
Pubmed,0.25,1e-3,3,1,186,64.92,4.55,1.096
Pubmed,0.25,1e-3,4,0,189,77.92,0.61,1.738
Pubmed,0.25,1e-3,4,1,182,65.76,14.01,1.146
Pubmed,0.25,1e-3,5,0,198,77.64,1.08,0.954
Pubmed,0.25,1e-3,5,1,192,64.56,13.67,1.224
Pubmed,0.25,1e-2,1,0,169,77.38,0.64,1.337
Pubmed,0.25,1e-2,1,1,191,74.02,1.15,1.096
Pubmed,0.25,1e-2,2,0,160,79.02,0.86,1.598
Pubmed,0.25,1e-2,2,1,175,65.28,9.89,0.974
Pubmed,0.25,1e-2,3,0,172,78.68,0.56,1.569
Pubmed,0.25,1e-2,3,1,162,72.00,2.20,0.937
Pubmed,0.25,1e-2,4,0,175,79.10,0.77,1.713
Pubmed,0.25,1e-2,4,1,182,71.54,6.24,1.022
Pubmed,0.25,1e-2,5,0,194,78.66,0.71,0.928
Pubmed,0.25,1e-2,5,1,195,68.30,8.78,1.137
Pubmed,0.25,1e-1,1,0,153,76.56,1.37,1.484
Pubmed,0.25,1e-1,1,1,144,71.80,3.10,0.798
Pubmed,0.25,1e-1,2,0,175,78.66,0.77,1.361
Pubmed,0.25,1e-1,2,1,172,71.10,3.70,0.944
Pubmed,0.25,1e-1,3,0,197,78.68,0.79,1.733
Pubmed,0.25,1e-1,3,1,184,71.10,2.03,0.948
Pubmed,0.25,1e-1,4,0,183,78.60,1.24,1.608
Pubmed,0.25,1e-1,4,1,165,65.72,3.35,0.974
Pubmed,0.25,1e-1,5,0,146,78.26,1.57,0.780
Pubmed,0.25,1e-1,5,1,190,65.30,2.29,1.077
Pubmed,0.25,5e-1,1,0,123,76.56,1.55,1.200
Pubmed,0.25,5e-1,1,1,147,73.92,1.52,0.929
Pubmed,0.25,5e-1,2,0,139,78.30,0.50,1.124
Pubmed,0.25,5e-1,2,1,175,74.22,0.68,1.058
Pubmed,0.25,5e-1,3,0,165,78.56,0.54,1.569
Pubmed,0.25,5e-1,3,1,180,71.00,3.52,1.133
Pubmed,0.25,5e-1,4,0,187,77.36,1.30,1.798
Pubmed,0.25,5e-1,4,1,195,62.74,5.82,1.189
Pubmed,0.25,5e-1,5,0,171,75.96,2.46,0.884
Pubmed,0.25,5e-1,5,1,157,56.16,9.57,0.981
Pubmed,0.25,1e0,1,0,124,76.22,1.11,1.262
Pubmed,0.25,1e0,1,1,146,72.98,0.92,0.881
Pubmed,0.25,1e0,2,0,155,77.12,1.88,1.432
Pubmed,0.25,1e0,2,1,199,72.06,2.95,1.198
Pubmed,0.25,1e0,3,0,128,75.84,2.26,1.208
Pubmed,0.25,1e0,3,1,185,70.78,3.83,1.128
Pubmed,0.25,1e0,4,0,169,75.60,2.45,1.422
Pubmed,0.25,1e0,4,1,192,61.24,7.04,1.037
Pubmed,0.25,1e0,5,0,125,74.86,1.52,0.690
Pubmed,0.25,1e0,5,1,193,52.22,1.97,1.085
Pubmed,0.25,5,1,0,149,74.52,1.97,1.410
Pubmed,0.25,5,1,1,177,74.16,0.88,1.020
Pubmed,0.25,5,2,0,179,75.06,3.08,1.513
Pubmed,0.25,5,2,1,192,71.04,0.99,1.118
Pubmed,0.25,5,3,0,149,74.36,2.08,1.401
Pubmed,0.25,5,3,1,195,57.84,5.40,1.119
Pubmed,0.25,5,4,0,196,73.80,2.42,1.682
Pubmed,0.25,5,4,1,193,50.58,1.58,1.227
Pubmed,0.25,5,5,0,128,73.62,0.80,0.729
Pubmed,0.25,5,5,1,198,50.98,0.86,1.160
Pubmed,0.25,1e1,1,0,138,75.46,0.79,1.345
Pubmed,0.25,1e1,1,1,200,72.78,2.41,1.163
Pubmed,0.25,1e1,2,0,143,73.14,3.61,1.428
Pubmed,0.25,1e1,2,1,200,61.28,7.26,1.105
Pubmed,0.25,1e1,3,0,131,71.98,3.42,1.197
Pubmed,0.25,1e1,3,1,150,50.14,2.66,0.960
Pubmed,0.25,1e1,4,0,177,74.76,1.89,1.554
Pubmed,0.25,1e1,4,1,194,50.12,1.88,1.146
Pubmed,0.25,1e1,5,0,139,72.26,2.89,0.789
Pubmed,0.25,1e1,5,1,197,49.34,0.99,1.217
Pubmed,0.5,1e-3,1,0,177,77.72,0.53,1.945
Pubmed,0.5,1e-3,1,1,192,68.64,4.21,1.137
Pubmed,0.5,1e-3,2,0,199,79.00,0.67,2.468
Pubmed,0.5,1e-3,2,1,144,70.44,4.50,0.969
Pubmed,0.5,1e-3,3,0,183,78.32,0.40,1.887
Pubmed,0.5,1e-3,3,1,196,73.30,2.74,1.295
Pubmed,0.5,1e-3,4,0,198,77.94,0.67,1.754
Pubmed,0.5,1e-3,4,1,196,76.10,3.13,1.274
Pubmed,0.5,1e-3,5,0,197,77.72,1.49,1.201
Pubmed,0.5,1e-3,5,1,200,72.24,3.98,1.307
Pubmed,0.5,1e-2,1,0,186,77.24,0.70,1.934
Pubmed,0.5,1e-2,1,1,197,72.32,2.12,1.261
Pubmed,0.5,1e-2,2,0,160,79.24,0.66,1.901
Pubmed,0.5,1e-2,2,1,200,70.60,5.12,1.190
Pubmed,0.5,1e-2,3,0,197,79.04,1.03,2.157
Pubmed,0.5,1e-2,3,1,170,73.38,1.68,1.085
Pubmed,0.5,1e-2,4,0,184,79.20,0.77,1.872
Pubmed,0.5,1e-2,4,1,174,73.48,1.82,1.095
Pubmed,0.5,1e-2,5,0,198,78.90,0.62,1.162
Pubmed,0.5,1e-2,5,1,181,71.32,1.59,1.175
Pubmed,0.5,1e-1,1,0,142,76.48,0.90,1.710
Pubmed,0.5,1e-1,1,1,191,72.34,2.29,1.208
Pubmed,0.5,1e-1,2,0,136,78.58,0.71,1.780
Pubmed,0.5,1e-1,2,1,186,76.42,1.86,1.187
Pubmed,0.5,1e-1,3,0,173,78.30,1.19,1.903
Pubmed,0.5,1e-1,3,1,200,72.78,4.35,1.288
Pubmed,0.5,1e-1,4,0,191,79.24,0.84,2.126
Pubmed,0.5,1e-1,4,1,187,71.26,3.23,1.139
Pubmed,0.5,1e-1,5,0,184,79.20,1.61,1.147
Pubmed,0.5,1e-1,5,1,194,55.38,20.06,1.316
Pubmed,0.5,5e-1,1,0,141,76.66,1.24,1.550
Pubmed,0.5,5e-1,1,1,198,74.56,1.24,1.259
Pubmed,0.5,5e-1,2,0,178,78.38,0.82,1.835
Pubmed,0.5,5e-1,2,1,199,76.84,0.92,1.246
Pubmed,0.5,5e-1,3,0,186,78.78,0.55,1.952
Pubmed,0.5,5e-1,3,1,196,72.90,1.35,1.261
Pubmed,0.5,5e-1,4,0,191,79.06,1.10,2.219
Pubmed,0.5,5e-1,4,1,176,60.92,8.51,1.161
Pubmed,0.5,5e-1,5,0,195,78.64,0.73,1.226
Pubmed,0.5,5e-1,5,1,174,52.08,3.37,1.114
Pubmed,0.5,1e0,1,0,163,76.84,0.65,1.573
Pubmed,0.5,1e0,1,1,179,75.24,2.04,1.090
Pubmed,0.5,1e0,2,0,198,78.30,0.43,2.060
Pubmed,0.5,1e0,2,1,194,74.02,2.33,1.234
Pubmed,0.5,1e0,3,0,142,77.96,0.67,1.908
Pubmed,0.5,1e0,3,1,196,71.02,2.16,1.253
Pubmed,0.5,1e0,4,0,146,77.00,1.80,1.701
Pubmed,0.5,1e0,4,1,170,56.06,7.74,1.042
Pubmed,0.5,1e0,5,0,190,77.28,2.17,1.154
Pubmed,0.5,1e0,5,1,164,53.76,8.17,1.074
Pubmed,0.5,5,1,0,154,74.84,2.09,1.932
Pubmed,0.5,5,1,1,169,75.06,2.04,1.041
Pubmed,0.5,5,2,0,168,76.42,2.24,1.574
Pubmed,0.5,5,2,1,197,71.84,3.40,1.164
Pubmed,0.5,5,3,0,114,73.56,1.24,1.506
Pubmed,0.5,5,3,1,174,55.16,4.74,1.102
Pubmed,0.5,5,4,0,134,75.44,0.86,1.579
Pubmed,0.5,5,4,1,177,52.54,5.18,1.156
Pubmed,0.5,5,5,0,173,73.84,2.18,1.070
Pubmed,0.5,5,5,1,153,52.30,7.29,1.051
Pubmed,0.5,1e1,1,0,151,74.80,1.02,1.679
Pubmed,0.5,1e1,1,1,191,73.72,2.35,1.170
Pubmed,0.5,1e1,2,0,170,75.66,3.23,2.123
Pubmed,0.5,1e1,2,1,194,68.10,4.10,1.224
Pubmed,0.5,1e1,3,0,177,72.82,5.79,1.806
Pubmed,0.5,1e1,3,1,186,53.16,3.16,1.123
Pubmed,0.5,1e1,4,0,158,75.00,2.30,1.707
Pubmed,0.5,1e1,4,1,188,51.10,0.90,1.209
Pubmed,0.5,1e1,5,0,199,72.80,2.85,1.262
Pubmed,0.5,1e1,5,1,196,51.04,0.66,1.239
Pubmed,1,1e-3,1,0,192,77.74,0.38,2.253
Pubmed,1,1e-3,1,1,179,73.70,1.02,1.280
Pubmed,1,1e-3,2,0,182,79.06,0.40,2.670
Pubmed,1,1e-3,2,1,113,75.62,2.98,0.949
Pubmed,1,1e-3,3,0,177,78.42,0.13,1.944
Pubmed,1,1e-3,3,1,91,75.22,2.09,0.829
Pubmed,1,1e-3,4,0,190,78.22,1.00,2.225
Pubmed,1,1e-3,4,1,148,71.98,9.38,1.119
Pubmed,1,1e-3,5,0,184,77.94,0.73,1.202
Pubmed,1,1e-3,5,1,186,68.50,10.03,1.440
Pubmed,1,1e-2,1,0,152,77.34,0.63,1.780
Pubmed,1,1e-2,1,1,193,75.08,0.94,1.421
Pubmed,1,1e-2,2,0,170,78.96,0.30,1.972
Pubmed,1,1e-2,2,1,81,74.06,2.14,0.775
Pubmed,1,1e-2,3,0,183,78.68,0.61,2.073
Pubmed,1,1e-2,3,1,92,73.08,1.81,0.782
Pubmed,1,1e-2,4,0,191,78.86,0.34,2.030
Pubmed,1,1e-2,4,1,169,65.14,15.46,1.212
Pubmed,1,1e-2,5,0,192,78.34,0.23,1.242
Pubmed,1,1e-2,5,1,190,67.32,9.14,1.400
Pubmed,1,1e-1,1,0,120,77.20,0.89,1.669
Pubmed,1,1e-1,1,1,199,76.04,1.11,1.374
Pubmed,1,1e-1,2,0,137,78.76,1.35,1.499
Pubmed,1,1e-1,2,1,200,76.92,0.90,1.435
Pubmed,1,1e-1,3,0,148,78.62,0.94,1.925
Pubmed,1,1e-1,3,1,176,74.82,2.58,1.378
Pubmed,1,1e-1,4,0,170,79.06,1.26,2.006
Pubmed,1,1e-1,4,1,197,66.38,7.45,1.535
Pubmed,1,1e-1,5,0,190,79.18,0.78,1.213
Pubmed,1,1e-1,5,1,152,54.52,6.14,1.200
Pubmed,1,5e-1,1,0,138,76.88,1.13,1.695
Pubmed,1,5e-1,1,1,193,76.14,1.34,1.370
Pubmed,1,5e-1,2,0,114,78.46,0.39,1.458
Pubmed,1,5e-1,2,1,166,77.46,0.51,1.230
Pubmed,1,5e-1,3,0,163,78.80,0.70,1.958
Pubmed,1,5e-1,3,1,184,69.36,6.36,1.391
Pubmed,1,5e-1,4,0,165,78.88,1.97,1.909
Pubmed,1,5e-1,4,1,192,57.12,15.59,1.323
Pubmed,1,5e-1,5,0,181,78.84,1.27,1.203
Pubmed,1,5e-1,5,1,200,52.60,0.46,1.399
Pubmed,1,1e0,1,0,178,76.88,0.62,2.026
Pubmed,1,1e0,1,1,172,76.42,1.02,1.230
Pubmed,1,1e0,2,0,153,78.58,0.95,1.897
Pubmed,1,1e0,2,1,175,77.18,0.88,1.205
Pubmed,1,1e0,3,0,187,78.68,0.93,2.154
Pubmed,1,1e0,3,1,186,72.20,2.57,1.392
Pubmed,1,1e0,4,0,172,78.60,1.26,1.939
Pubmed,1,1e0,4,1,200,53.10,6.32,1.459
Pubmed,1,1e0,5,0,136,78.38,1.37,0.970
Pubmed,1,1e0,5,1,200,52.00,0.79,1.546
Pubmed,1,5,1,0,126,76.32,0.83,1.638
Pubmed,1,5,1,1,164,76.72,1.49,1.213
Pubmed,1,5,2,0,180,77.80,0.88,2.204
Pubmed,1,5,2,1,193,74.50,1.03,1.480
Pubmed,1,5,3,0,185,76.94,2.71,2.023
Pubmed,1,5,3,1,186,55.32,6.32,1.374
Pubmed,1,5,4,0,169,75.50,3.10,1.621
Pubmed,1,5,4,1,178,54.26,5.76,1.367
Pubmed,1,5,5,0,196,75.44,3.87,1.253
Pubmed,1,5,5,1,178,52.24,1.77,1.455
Pubmed,1,1e1,1,0,164,75.18,2.09,2.137
Pubmed,1,1e1,1,1,199,75.24,1.76,1.382
Pubmed,1,1e1,2,0,130,76.00,2.45,1.355
Pubmed,1,1e1,2,1,193,73.52,1.55,1.326
Pubmed,1,1e1,3,0,172,75.02,2.96,1.928
Pubmed,1,1e1,3,1,194,54.92,5.03,1.363
Pubmed,1,1e1,4,0,125,73.94,2.16,1.509
Pubmed,1,1e1,4,1,189,52.18,0.27,1.354
Pubmed,1,1e1,5,0,139,74.26,3.08,0.978
Pubmed,1,1e1,5,1,187,51.82,0.48,1.427
Photo,0.25,1e-3,1,0,187,91.35,0.16,2.152
Photo,0.25,1e-3,1,1,196,89.10,1.19,1.563
Photo,0.25,1e-3,2,0,160,91.68,0.24,1.871
Photo,0.25,1e-3,2,1,194,87.50,2.61,1.439
Photo,0.25,1e-3,3,0,155,90.50,0.42,1.857
Photo,0.25,1e-3,3,1,184,78.43,5.38,1.355
Photo,0.25,1e-3,4,0,153,90.03,0.38,1.678
Photo,0.25,1e-3,4,1,200,56.33,4.66,1.523
Photo,0.25,1e-3,5,0,151,88.93,0.55,1.168
Photo,0.25,1e-3,5,1,200,43.65,6.51,1.511
Photo,0.25,1e-2,1,0,110,91.08,0.33,1.425
Photo,0.25,1e-2,1,1,160,90.22,0.85,1.167
Photo,0.25,1e-2,2,0,189,92.08,0.07,2.107
Photo,0.25,1e-2,2,1,192,87.85,1.62,1.370
Photo,0.25,1e-2,3,0,164,90.58,0.19,2.162
Photo,0.25,1e-2,3,1,174,67.58,5.33,1.216
Photo,0.25,1e-2,4,0,144,89.78,0.37,1.736
Photo,0.25,1e-2,4,1,194,55.20,13.47,1.421
Photo,0.25,1e-2,5,0,173,88.97,0.34,1.950
Photo,0.25,1e-2,5,1,200,34.62,4.05,1.449
Photo,0.25,1e-1,1,0,129,91.47,0.73,1.578
Photo,0.25,1e-1,1,1,200,88.90,0.50,1.413
Photo,0.25,1e-1,2,0,157,92.12,0.35,1.895
Photo,0.25,1e-1,2,1,192,80.18,6.23,1.360
Photo,0.25,1e-1,3,0,173,90.50,0.42,2.020
Photo,0.25,1e-1,3,1,197,68.05,5.75,1.489
Photo,0.25,1e-1,4,0,173,89.75,0.12,2.069
Photo,0.25,1e-1,4,1,167,59.58,10.39,1.275
Photo,0.25,1e-1,5,0,193,88.93,0.87,1.958
Photo,0.25,1e-1,5,1,192,31.45,8.26,1.604
Photo,0.25,5e-1,1,0,133,91.28,0.52,1.701
Photo,0.25,5e-1,1,1,191,85.35,1.25,1.409
Photo,0.25,5e-1,2,0,165,91.83,0.29,1.820
Photo,0.25,5e-1,2,1,195,81.00,3.49,1.549
Photo,0.25,5e-1,3,0,189,90.45,0.48,2.461
Photo,0.25,5e-1,3,1,170,65.45,10.19,1.292
Photo,0.25,5e-1,4,0,133,89.45,0.59,1.524
Photo,0.25,5e-1,4,1,200,34.70,9.95,1.469
Photo,0.25,5e-1,5,0,148,88.78,0.47,1.722
Photo,0.25,5e-1,5,1,145,25.58,1.93,1.316
Photo,0.25,1e0,1,0,135,91.25,0.61,1.476
Photo,0.25,1e0,1,1,200,82.33,2.72,1.479
Photo,0.25,1e0,2,0,177,91.68,0.38,1.950
Photo,0.25,1e0,2,1,170,82.30,3.38,1.407
Photo,0.25,1e0,3,0,163,90.40,0.41,2.168
Photo,0.25,1e0,3,1,189,61.65,7.67,1.266
Photo,0.25,1e0,4,0,198,89.43,0.68,2.084
Photo,0.25,1e0,4,1,146,26.73,4.30,1.084
Photo,0.25,1e0,5,0,196,88.45,0.66,1.888
Photo,0.25,1e0,5,1,120,24.90,0.80,0.923
Photo,0.25,5,1,0,131,88.35,4.22,1.264
Photo,0.25,5,1,1,196,83.12,1.76,1.401
Photo,0.25,5,2,0,165,90.65,1.21,1.953
Photo,0.25,5,2,1,176,64.35,8.47,1.291
Photo,0.25,5,3,0,158,85.00,5.85,1.995
Photo,0.25,5,3,1,129,26.83,4.64,1.046
Photo,0.25,5,4,0,167,83.93,6.31,2.160
Photo,0.25,5,4,1,190,24.83,0.24,1.452
Photo,0.25,5,5,0,138,83.55,2.79,1.499
Photo,0.25,5,5,1,152,24.85,0.06,1.274
Photo,0.25,1e1,1,0,148,81.97,7.95,1.975
Photo,0.25,1e1,1,1,198,79.10,2.79,1.362
Photo,0.25,1e1,2,0,127,82.47,5.67,1.559
Photo,0.25,1e1,2,1,194,45.20,6.17,1.530
Photo,0.25,1e1,3,0,124,78.70,6.11,1.602
Photo,0.25,1e1,3,1,113,25.02,2.58,1.005
Photo,0.25,1e1,4,0,91,75.90,1.81,1.279
Photo,0.25,1e1,4,1,187,24.70,0.11,1.525
Photo,0.25,1e1,5,0,142,74.30,8.22,1.595
Photo,0.25,1e1,5,1,146,24.80,0.07,1.107
Photo,0.5,1e-3,1,0,63,90.93,0.51,1.137
Photo,0.5,1e-3,1,1,137,89.90,0.68,1.091
Photo,0.5,1e-3,2,0,184,91.83,0.34,2.284
Photo,0.5,1e-3,2,1,198,88.90,0.89,1.561
Photo,0.5,1e-3,3,0,182,90.83,0.53,2.122
Photo,0.5,1e-3,3,1,192,83.40,2.61,1.661
Photo,0.5,1e-3,4,0,189,89.80,0.47,2.456
Photo,0.5,1e-3,4,1,193,66.53,3.48,1.751
Photo,0.5,1e-3,5,0,175,88.88,0.64,1.957
Photo,0.5,1e-3,5,1,194,44.92,6.72,1.503
Photo,0.5,1e-2,1,0,60,91.15,0.10,1.144
Photo,0.5,1e-2,1,1,137,90.62,0.51,1.233
Photo,0.5,1e-2,2,0,184,91.95,0.23,2.082
Photo,0.5,1e-2,2,1,185,88.22,1.69,1.385
Photo,0.5,1e-2,3,0,164,90.72,0.16,2.061
Photo,0.5,1e-2,3,1,200,77.33,2.73,1.590
Photo,0.5,1e-2,4,0,163,89.97,0.22,2.247
Photo,0.5,1e-2,4,1,187,55.17,7.42,1.505
Photo,0.5,1e-2,5,0,139,88.93,0.68,1.205
Photo,0.5,1e-2,5,1,200,21.08,2.95,1.570
Photo,0.5,1e-1,1,0,128,91.30,0.31,1.780
Photo,0.5,1e-1,1,1,186,90.50,1.09,1.533
Photo,0.5,1e-1,2,0,177,92.03,0.10,2.139
Photo,0.5,1e-1,2,1,197,78.72,5.81,1.739
Photo,0.5,1e-1,3,0,113,90.35,0.51,1.442
Photo,0.5,1e-1,3,1,199,76.08,4.07,1.713
Photo,0.5,1e-1,4,0,175,89.90,0.41,2.151
Photo,0.5,1e-1,4,1,186,43.40,9.35,1.640
Photo,0.5,1e-1,5,0,161,88.88,0.42,1.359
Photo,0.5,1e-1,5,1,169,24.85,0.22,1.483
Photo,0.5,5e-1,1,0,98,91.30,0.63,1.289
Photo,0.5,5e-1,1,1,199,88.30,1.13,1.715
Photo,0.5,5e-1,2,0,164,91.83,0.38,1.985
Photo,0.5,5e-1,2,1,161,78.93,6.98,1.222
Photo,0.5,5e-1,3,0,165,90.38,0.36,1.961
Photo,0.5,5e-1,3,1,183,64.93,15.49,1.479
Photo,0.5,5e-1,4,0,181,89.45,0.55,1.353
Photo,0.5,5e-1,4,1,193,25.02,0.71,1.414
Photo,0.5,5e-1,5,0,155,88.93,0.43,1.348
Photo,0.5,5e-1,5,1,142,25.08,1.11,1.266
Photo,0.5,1e0,1,0,97,91.08,0.49,0.883
Photo,0.5,1e0,1,1,183,86.08,2.39,1.333
Photo,0.5,1e0,2,0,142,91.90,0.35,1.045
Photo,0.5,1e0,2,1,136,79.85,5.34,1.121
Photo,0.5,1e0,3,0,116,90.38,0.36,0.972
Photo,0.5,1e0,3,1,200,48.95,4.14,1.534
Photo,0.5,1e0,4,0,187,89.75,0.41,1.381
Photo,0.5,1e0,4,1,114,25.00,0.91,0.943
Photo,0.5,1e0,5,0,191,88.90,0.58,1.807
Photo,0.5,1e0,5,1,116,24.93,0.70,0.996
Photo,0.5,5,1,0,176,90.75,1.41,1.283
Photo,0.5,5,1,1,197,86.03,2.37,1.531
Photo,0.5,5,2,0,186,91.55,0.31,1.359
Photo,0.5,5,2,1,179,60.78,14.88,1.475
Photo,0.5,5,3,0,149,90.05,0.75,1.119
Photo,0.5,5,3,1,126,25.33,2.25,1.037
Photo,0.5,5,4,0,187,89.03,1.11,1.424
Photo,0.5,5,4,1,117,24.65,0.16,1.057
Photo,0.5,5,5,0,154,88.28,0.19,1.342
Photo,0.5,5,5,1,154,24.65,0.14,1.313
Photo,0.5,1e1,1,0,183,89.78,1.36,1.292
Photo,0.5,1e1,1,1,199,83.95,3.70,1.473
Photo,0.5,1e1,2,0,130,88.75,3.78,1.013
Photo,0.5,1e1,2,1,193,42.67,9.81,1.611
Photo,0.5,1e1,3,0,161,87.60,1.42,1.262
Photo,0.5,1e1,3,1,122,25.58,2.20,1.118
Photo,0.5,1e1,4,0,158,87.75,2.08,1.157
Photo,0.5,1e1,4,1,117,24.65,0.16,1.128
Photo,0.5,1e1,5,0,151,84.88,4.67,1.384
Photo,0.5,1e1,5,1,157,24.68,0.11,1.378
Photo,1,1e-3,1,0,178,91.00,0.78,1.444
Photo,1,1e-3,1,1,196,91.43,0.55,1.696
Photo,1,1e-3,2,0,120,92.05,0.29,1.215
Photo,1,1e-3,2,1,142,89.70,0.62,1.486
Photo,1,1e-3,3,0,198,91.03,0.39,1.555
Photo,1,1e-3,3,1,190,86.15,2.80,1.686
Photo,1,1e-3,4,0,172,90.12,0.59,1.406
Photo,1,1e-3,4,1,200,65.93,10.15,1.828
Photo,1,1e-3,5,0,196,89.22,0.50,2.181
Photo,1,1e-3,5,1,199,19.18,1.19,1.800
Photo,1,1e-2,1,0,48,91.10,0.38,0.621
Photo,1,1e-2,1,1,134,90.88,0.51,1.247
Photo,1,1e-2,2,0,170,92.00,0.20,1.443
Photo,1,1e-2,2,1,176,88.55,0.65,1.694
Photo,1,1e-2,3,0,190,90.80,0.11,1.586
Photo,1,1e-2,3,1,190,81.43,4.70,1.794
Photo,1,1e-2,4,0,84,89.95,0.17,0.842
Photo,1,1e-2,4,1,194,43.83,4.73,1.838
Photo,1,1e-2,5,0,108,89.20,0.56,1.386
Photo,1,1e-2,5,1,87,19.18,0.26,1.076
Photo,1,1e-1,1,0,124,91.30,0.14,1.137
Photo,1,1e-1,1,1,195,90.78,0.68,1.806
Photo,1,1e-1,2,0,154,91.97,0.16,1.274
Photo,1,1e-1,2,1,193,81.10,6.68,1.840
Photo,1,1e-1,3,0,198,90.45,0.19,1.607
Photo,1,1e-1,3,1,200,73.50,4.01,1.896
Photo,1,1e-1,4,0,186,89.68,0.37,1.558
Photo,1,1e-1,4,1,200,25.27,4.68,1.798
Photo,1,1e-1,5,0,139,88.83,0.43,1.612
Photo,1,1e-1,5,1,181,18.98,0.10,1.731
Photo,1,5e-1,1,0,108,91.30,0.35,1.094
Photo,1,5e-1,1,1,200,88.62,1.94,1.685
Photo,1,5e-1,2,0,91,91.95,0.29,0.864
Photo,1,5e-1,2,1,154,82.10,5.54,1.349
Photo,1,5e-1,3,0,112,90.40,0.22,1.056
Photo,1,5e-1,3,1,199,50.55,4.34,1.771
Photo,1,5e-1,4,0,192,89.95,0.36,1.621
Photo,1,5e-1,4,1,191,24.75,0.00,1.680
Photo,1,5e-1,5,0,166,88.90,0.26,1.957
Photo,1,5e-1,5,1,149,24.77,0.06,1.365
Photo,1,1e0,1,0,97,91.25,0.47,0.958
Photo,1,1e0,1,1,183,87.00,1.87,1.675
Photo,1,1e0,2,0,147,91.97,0.21,1.356
Photo,1,1e0,2,1,165,80.40,4.43,1.765
Photo,1,1e0,3,0,195,90.38,0.37,1.581
Photo,1,1e0,3,1,199,30.48,4.98,1.775
Photo,1,1e0,4,0,179,89.78,0.46,1.545
Photo,1,1e0,4,1,174,25.08,0.73,1.616
Photo,1,1e0,5,0,170,89.12,0.34,1.662
Photo,1,1e0,5,1,158,24.85,0.06,1.656
Photo,1,5,1,0,121,91.18,0.55,1.170
Photo,1,5,1,1,183,85.12,3.23,1.788
Photo,1,5,2,0,123,91.70,0.53,1.123
Photo,1,5,2,1,184,48.17,14.89,1.583
Photo,1,5,3,0,169,90.30,0.63,1.465
Photo,1,5,3,1,182,24.73,0.37,1.671
Photo,1,5,4,0,191,89.53,1.07,1.689
Photo,1,5,4,1,149,24.65,0.10,1.391
Photo,1,5,5,0,198,88.65,0.84,2.058
Photo,1,5,5,1,184,24.65,0.10,1.724
Photo,1,1e1,1,0,137,91.00,1.02,1.299
Photo,1,1e1,1,1,185,87.72,0.82,1.651
Photo,1,1e1,2,0,188,91.62,0.47,1.573
Photo,1,1e1,2,1,199,35.20,8.63,1.778
Photo,1,1e1,3,0,182,90.22,0.77,1.555
Photo,1,1e1,3,1,159,24.68,0.11,1.383
Photo,1,1e1,4,0,167,89.25,0.70,1.512
Photo,1,1e1,4,1,156,24.65,0.16,1.527
Photo,1,1e1,5,0,181,88.35,0.63,1.392
Photo,1,1e1,5,1,182,24.62,0.15,1.763
Computers,0.25,1e-3,1,0,124,85.08,0.19,1.407
Computers,0.25,1e-3,1,1,199,84.84,0.73,1.531
Computers,0.25,1e-3,2,0,196,85.54,0.24,2.287
Computers,0.25,1e-3,2,1,195,82.62,0.53,1.568
Computers,0.25,1e-3,3,0,162,85.48,0.63,2.227
Computers,0.25,1e-3,3,1,189,67.88,7.74,1.471
Computers,0.25,1e-3,4,0,195,84.72,0.60,2.552
Computers,0.25,1e-3,4,1,192,48.80,5.37,1.431
Computers,0.25,1e-3,5,0,156,83.82,0.47,1.064
Computers,0.25,1e-3,5,1,198,29.96,3.58,1.389
Computers,0.25,1e-2,1,0,67,86.14,0.33,1.019
Computers,0.25,1e-2,1,1,182,85.06,0.50,1.355
Computers,0.25,1e-2,2,0,139,86.04,0.44,1.908
Computers,0.25,1e-2,2,1,198,77.66,4.12,1.579
Computers,0.25,1e-2,3,0,177,85.54,0.51,2.058
Computers,0.25,1e-2,3,1,189,59.28,4.30,1.604
Computers,0.25,1e-2,4,0,162,84.98,0.30,2.106
Computers,0.25,1e-2,4,1,193,37.84,5.25,1.464
Computers,0.25,1e-2,5,0,177,84.40,0.23,1.219
Computers,0.25,1e-2,5,1,193,23.52,3.12,1.425
Computers,0.25,1e-1,1,0,95,85.60,0.30,1.448
Computers,0.25,1e-1,1,1,200,84.40,0.25,1.427
Computers,0.25,1e-1,2,0,179,85.96,0.42,2.057
Computers,0.25,1e-1,2,1,161,63.82,5.11,1.199
Computers,0.25,1e-1,3,0,199,85.30,0.54,2.618
Computers,0.25,1e-1,3,1,193,47.64,5.38,1.454
Computers,0.25,1e-1,4,0,157,84.58,0.78,1.894
Computers,0.25,1e-1,4,1,196,44.10,8.23,1.571
Computers,0.25,1e-1,5,0,175,84.08,0.43,1.201
Computers,0.25,1e-1,5,1,195,22.18,3.63,1.501
Computers,0.25,5e-1,1,0,118,85.22,0.48,1.686
Computers,0.25,5e-1,1,1,194,79.80,2.89,1.549
Computers,0.25,5e-1,2,0,130,85.86,0.50,1.718
Computers,0.25,5e-1,2,1,200,60.44,9.43,1.595
Computers,0.25,5e-1,3,0,169,85.16,0.51,2.067
Computers,0.25,5e-1,3,1,174,46.54,7.03,1.285
Computers,0.25,5e-1,4,0,197,84.72,0.52,2.163
Computers,0.25,5e-1,4,1,153,21.82,4.41,1.159
Computers,0.25,5e-1,5,0,191,83.96,0.54,1.309
Computers,0.25,5e-1,5,1,133,20.88,0.50,1.156
Computers,0.25,1e0,1,0,174,85.36,0.35,2.006
Computers,0.25,1e0,1,1,187,77.36,2.14,1.382
Computers,0.25,1e0,2,0,126,85.66,0.11,1.734
Computers,0.25,1e0,2,1,173,59.70,10.16,1.348
Computers,0.25,1e0,3,0,150,85.14,0.28,2.014
Computers,0.25,1e0,3,1,163,28.90,6.97,1.245
Computers,0.25,1e0,4,0,165,84.42,0.23,2.068
Computers,0.25,1e0,4,1,154,20.84,1.79,1.189
Computers,0.25,1e0,5,0,165,83.56,0.83,1.148
Computers,0.25,1e0,5,1,168,19.92,0.04,1.276
Computers,0.25,5,1,0,180,85.22,0.54,2.101
Computers,0.25,5,1,1,171,78.60,1.67,1.261
Computers,0.25,5,2,0,117,81.98,3.48,1.526
Computers,0.25,5,2,1,190,37.92,12.77,1.527
Computers,0.25,5,3,0,126,79.46,3.29,1.671
Computers,0.25,5,3,1,130,20.78,2.33,1.101
Computers,0.25,5,4,0,199,79.56,8.15,2.393
Computers,0.25,5,4,1,147,19.94,0.09,1.225
Computers,0.25,5,5,0,183,78.96,4.68,1.251
Computers,0.25,5,5,1,154,19.90,0.00,1.212
Computers,0.25,1e1,1,0,124,72.34,4.67,1.627
Computers,0.25,1e1,1,1,193,69.14,6.32,1.503
Computers,0.25,1e1,2,0,129,73.66,4.95,1.588
Computers,0.25,1e1,2,1,196,23.66,3.33,1.538
Computers,0.25,1e1,3,0,135,72.10,0.90,1.753
Computers,0.25,1e1,3,1,138,21.06,2.54,1.011
Computers,0.25,1e1,4,0,139,69.36,9.66,1.643
Computers,0.25,1e1,4,1,139,20.86,2.26,1.220
Computers,0.25,1e1,5,0,158,65.20,5.54,1.089
Computers,0.25,1e1,5,1,153,20.70,2.48,1.219
Computers,0.5,1e-3,1,0,70,85.72,0.28,0.988
Computers,0.5,1e-3,1,1,168,85.26,0.91,1.386
Computers,0.5,1e-3,2,0,185,85.74,0.59,2.284
Computers,0.5,1e-3,2,1,169,82.70,0.76,1.486
Computers,0.5,1e-3,3,0,174,85.46,0.47,2.064
Computers,0.5,1e-3,3,1,199,74.68,5.06,1.554
Computers,0.5,1e-3,4,0,128,85.14,0.87,2.123
Computers,0.5,1e-3,4,1,194,51.00,8.20,1.607
Computers,0.5,1e-3,5,0,163,84.72,0.39,1.211
Computers,0.5,1e-3,5,1,198,25.86,4.44,1.667
Computers,0.5,1e-2,1,0,44,86.18,0.40,0.955
Computers,0.5,1e-2,1,1,180,85.44,0.44,1.521
Computers,0.5,1e-2,2,0,146,86.40,0.34,1.856
Computers,0.5,1e-2,2,1,199,81.94,1.44,1.763
Computers,0.5,1e-2,3,0,176,85.76,0.46,2.338
Computers,0.5,1e-2,3,1,200,65.08,5.76,1.757
Computers,0.5,1e-2,4,0,129,85.06,0.44,1.705
Computers,0.5,1e-2,4,1,175,33.82,8.74,1.515
Computers,0.5,1e-2,5,0,158,84.50,0.29,1.142
Computers,0.5,1e-2,5,1,190,16.72,0.22,1.716
Computers,0.5,1e-1,1,0,86,86.12,0.40,1.262
Computers,0.5,1e-1,1,1,170,85.02,0.59,1.410
Computers,0.5,1e-1,2,0,183,86.12,0.38,2.446
Computers,0.5,1e-1,2,1,196,71.18,6.84,1.646
Computers,0.5,1e-1,3,0,158,85.74,0.21,1.897
Computers,0.5,1e-1,3,1,169,46.18,13.00,1.530
Computers,0.5,1e-1,4,0,149,84.72,0.29,1.670
Computers,0.5,1e-1,4,1,181,23.14,3.48,1.556
Computers,0.5,1e-1,5,0,189,84.12,0.62,1.340
Computers,0.5,1e-1,5,1,199,15.86,2.00,1.682
Computers,0.5,5e-1,1,0,87,85.52,0.75,1.358
Computers,0.5,5e-1,1,1,152,83.24,0.51,1.200
Computers,0.5,5e-1,2,0,139,85.82,0.23,1.902
Computers,0.5,5e-1,2,1,188,66.06,2.51,1.453
Computers,0.5,5e-1,3,0,131,85.28,0.22,1.920
Computers,0.5,5e-1,3,1,194,31.40,12.23,1.712
Computers,0.5,5e-1,4,0,142,84.52,0.29,1.778
Computers,0.5,5e-1,4,1,198,20.60,1.51,1.743
Computers,0.5,5e-1,5,0,196,84.08,0.44,1.464
Computers,0.5,5e-1,5,1,189,19.78,0.16,1.637
Computers,0.5,1e0,1,0,111,85.46,0.44,1.559
Computers,0.5,1e0,1,1,167,81.00,1.66,1.464
Computers,0.5,1e0,2,0,116,85.76,0.52,1.701
Computers,0.5,1e0,2,1,192,67.96,5.16,1.535
Computers,0.5,1e0,3,0,128,85.46,0.35,1.542
Computers,0.5,1e0,3,1,161,23.04,5.39,1.337
Computers,0.5,1e0,4,0,143,84.50,0.33,1.816
Computers,0.5,1e0,4,1,156,19.92,1.10,1.403
Computers,0.5,1e0,5,0,191,84.08,0.36,1.392
Computers,0.5,1e0,5,1,177,19.84,0.13,1.574
Computers,0.5,5,1,0,131,85.12,0.54,1.643
Computers,0.5,5,1,1,190,76.92,1.20,1.554
Computers,0.5,5,2,0,197,85.46,0.47,2.334
Computers,0.5,5,2,1,196,31.04,2.66,1.624
Computers,0.5,5,3,0,150,84.54,0.80,2.155
Computers,0.5,5,3,1,189,19.96,0.09,1.527
Computers,0.5,5,4,0,154,84.18,0.52,1.773
Computers,0.5,5,4,1,195,19.94,0.05,1.532
Computers,0.5,5,5,0,188,83.70,0.62,1.416
Computers,0.5,5,5,1,179,19.90,0.07,1.438
Computers,0.5,1e1,1,0,165,83.04,3.77,2.201
Computers,0.5,1e1,1,1,199,76.24,2.41,1.667
Computers,0.5,1e1,2,0,184,85.06,0.62,2.223
Computers,0.5,1e1,2,1,194,21.52,1.46,1.684
Computers,0.5,1e1,3,0,133,80.08,4.77,1.678
Computers,0.5,1e1,3,1,165,19.96,0.09,1.419
Computers,0.5,1e1,4,0,151,77.38,6.12,1.922
Computers,0.5,1e1,4,1,168,19.90,0.00,1.509
Computers,0.5,1e1,5,0,126,75.32,3.49,1.015
Computers,0.5,1e1,5,1,193,19.90,0.00,1.761
Computers,1,1e-3,1,0,68,84.64,0.47,1.313
Computers,1,1e-3,1,1,188,86.00,0.51,4.714
Computers,1,1e-3,2,0,98,86.04,0.27,1.575
Computers,1,1e-3,2,1,160,84.64,1.14,3.114
Computers,1,1e-3,3,0,84,85.66,0.42,1.653
Computers,1,1e-3,3,1,189,79.08,0.93,4.149
Computers,1,1e-3,4,0,128,85.50,0.74,2.109
Computers,1,1e-3,4,1,191,44.14,5.16,4.587
Computers,1,1e-3,5,0,136,84.94,0.44,1.283
Computers,1,1e-3,5,1,198,16.48,0.54,4.516
Computers,1,1e-2,1,0,29,86.22,0.53,0.856
Computers,1,1e-2,1,1,186,85.54,0.48,3.617
Computers,1,1e-2,2,0,123,86.46,0.42,2.046
Computers,1,1e-2,2,1,169,83.50,0.43,3.266
Computers,1,1e-2,3,0,88,85.68,0.24,1.571
Computers,1,1e-2,3,1,166,66.92,2.01,3.138
Computers,1,1e-2,4,0,102,85.16,0.26,1.640
Computers,1,1e-2,4,1,142,17.66,0.27,2.760
Computers,1,1e-2,5,0,109,84.74,0.15,1.145
Computers,1,1e-2,5,1,182,16.88,0.28,3.125
Computers,1,1e-1,1,0,57,85.88,0.29,1.097
Computers,1,1e-1,1,1,179,85.52,0.28,3.155
Computers,1,1e-1,2,0,158,86.18,0.49,2.519
Computers,1,1e-1,2,1,168,72.74,3.23,3.686
Computers,1,1e-1,3,0,142,85.46,0.40,2.020
Computers,1,1e-1,3,1,179,43.10,5.10,3.705
Computers,1,1e-1,4,0,114,84.82,0.19,1.793
Computers,1,1e-1,4,1,185,15.48,0.20,4.002
Computers,1,1e-1,5,0,187,84.22,0.36,1.658
Computers,1,1e-1,5,1,197,15.66,0.18,3.816
Computers,1,5e-1,1,0,99,85.54,0.39,1.569
Computers,1,5e-1,1,1,178,84.40,0.58,3.715
Computers,1,5e-1,2,0,184,86.06,0.46,2.626
Computers,1,5e-1,2,1,178,70.16,4.15,3.407
Computers,1,5e-1,3,0,141,85.52,0.44,1.952
Computers,1,5e-1,3,1,199,20.84,1.63,3.844
Computers,1,5e-1,4,0,197,84.86,0.51,3.080
Computers,1,5e-1,4,1,200,19.38,0.69,4.659
Computers,1,5e-1,5,0,172,84.16,0.59,1.694
Computers,1,5e-1,5,1,197,19.88,0.47,4.701
Computers,1,1e0,1,0,98,85.32,0.45,1.952
Computers,1,1e0,1,1,177,83.12,1.33,3.728
Computers,1,1e0,2,0,162,85.98,0.59,2.210
Computers,1,1e0,2,1,199,66.16,3.34,4.399
Computers,1,1e0,3,0,134,85.18,0.40,1.954
Computers,1,1e0,3,1,196,20.04,0.85,3.913
Computers,1,1e0,4,0,173,84.72,0.41,2.547
Computers,1,1e0,4,1,199,17.84,4.11,3.648
Computers,1,1e0,5,0,160,84.12,0.41,1.560
Computers,1,1e0,5,1,12,10.30,0.48,0.528
Computers,1,5,1,0,135,85.24,0.43,2.007
Computers,1,5,1,1,175,73.10,7.22,3.268
Computers,1,5,2,0,137,85.82,0.69,2.009
Computers,1,5,2,1,197,21.88,4.43,3.532
Computers,1,5,3,0,188,84.78,0.40,2.828
Computers,1,5,3,1,200,19.86,0.67,4.132
Computers,1,5,4,0,166,84.24,0.76,2.189
Computers,1,5,4,1,200,11.98,3.03,3.922
Computers,1,5,5,0,198,84.12,0.51,1.955
Computers,1,5,5,1,199,10.16,0.05,4.365
Computers,1,1e1,1,0,172,85.08,0.40,2.407
Computers,1,1e1,1,1,183,75.74,4.16,4.143
Computers,1,1e1,2,0,167,85.40,0.68,2.413
Computers,1,1e1,2,1,198,21.66,3.61,3.651
Computers,1,1e1,3,0,175,84.72,0.48,2.740
Computers,1,1e1,3,1,195,19.98,0.27,3.757
Computers,1,1e1,4,0,152,83.80,0.70,2.248
Computers,1,1e1,4,1,200,11.84,2.72,3.577
Computers,1,1e1,5,0,194,82.22,2.07,1.989
Computers,1,1e1,5,1,200,10.16,0.05,3.988
