Dataset,Model,Cond_ratio,Learn_A,k,Epoch,Mean_Acc,Std.,Best_Acc
Cora,GCN,0.25,0,1,400,0.4878,0.0622,0.601
Cora,GCN,0.25,1,1,25,0.7042,0.0591,0.781
Cora,GCN,0.25,0,2,399,0.4906,0.0616,0.612
Cora,GCN,0.25,1,2,28,0.7002,0.0627,0.783
Cora,GCN,0.25,0,3,400,0.4876,0.0707,0.613
Cora,GCN,0.25,1,3,24,0.6950,0.0667,0.786
Cora,GCN,0.25,0,4,399,0.4816,0.0744,0.615
Cora,GCN,0.25,1,4,27,0.6884,0.0685,0.782
Cora,GCN,0.25,0,5,400,0.4718,0.0816,0.616
Cora,GCN,0.25,1,5,26,0.6812,0.0731,0.786
Cora,GCN,0.5,0,1,383,0.7088,0.0396,0.771
Cora,GCN,0.5,1,1,44,0.6850,0.0775,0.758
Cora,GCN,0.5,0,2,388,0.7100,0.0392,0.776
Cora,GCN,0.5,1,2,40,0.6898,0.0820,0.763
Cora,GCN,0.5,0,3,392,0.7044,0.0409,0.779
Cora,GCN,0.5,1,3,39,0.6872,0.0802,0.763
Cora,GCN,0.5,0,4,395,0.6950,0.0429,0.785
Cora,GCN,0.5,1,4,38,0.6852,0.0832,0.766
Cora,GCN,0.5,0,5,389,0.6896,0.0440,0.783
Cora,GCN,0.5,1,5,39,0.6808,0.0827,0.771
Cora,GCN,1.0,0,1,170,0.7958,0.0106,0.808
Cora,GCN,1.0,1,1,186,0.7836,0.0066,0.797
Cora,GCN,1.0,0,2,173,0.7972,0.0117,0.815
Cora,GCN,1.0,1,2,186,0.7838,0.0054,0.797
Cora,GCN,1.0,0,3,170,0.7956,0.0118,0.814
Cora,GCN,1.0,1,3,190,0.7862,0.0066,0.796
Cora,GCN,1.0,0,4,221,0.7980,0.0057,0.814
Cora,GCN,1.0,1,4,127,0.7822,0.0097,0.797
Cora,GCN,1.0,0,5,218,0.7984,0.0044,0.813
Cora,GCN,1.0,1,5,188,0.7780,0.0073,0.792
Cora,SGC,0.25,0,1,57,0.5904,0.0423,0.635
Cora,SGC,0.25,1,1,192,0.6922,0.0047,0.705
Cora,SGC,0.25,0,2,78,0.5950,0.0269,0.644
Cora,SGC,0.25,1,2,189,0.6890,0.0060,0.701
Cora,SGC,0.25,0,3,73,0.5978,0.0334,0.646
Cora,SGC,0.25,1,3,83,0.6820,0.0118,0.695
Cora,SGC,0.25,0,4,74,0.5980,0.0332,0.645
Cora,SGC,0.25,1,4,83,0.6776,0.0129,0.693
Cora,SGC,0.25,0,5,61,0.5972,0.0517,0.644
Cora,SGC,0.25,1,5,83,0.6744,0.0150,0.691
Cora,SGC,0.5,0,1,264,0.6524,0.0067,0.667
Cora,SGC,0.5,1,1,314,0.6088,0.0046,0.65
Cora,SGC,0.5,0,2,319,0.6424,0.0075,0.668
Cora,SGC,0.5,1,2,296,0.6016,0.0053,0.655
Cora,SGC,0.5,0,3,325,0.6376,0.0054,0.657
Cora,SGC,0.5,1,3,388,0.5944,0.0036,0.651
Cora,SGC,0.5,0,4,369,0.6312,0.0043,0.65
Cora,SGC,0.5,1,4,387,0.5902,0.0041,0.65
Cora,SGC,0.5,0,5,400,0.6334,0.0041,0.638
Cora,SGC,0.5,1,5,395,0.5872,0.0038,0.644
Cora,SGC,1.0,0,1,327,0.7748,0.0011,0.779
Cora,SGC,1.0,1,1,94,0.7652,0.0033,0.771
Cora,SGC,1.0,0,2,380,0.7830,0.0037,0.79
Cora,SGC,1.0,1,2,381,0.7708,0.0022,0.779
Cora,SGC,1.0,0,3,303,0.7892,0.0013,0.791
Cora,SGC,1.0,1,3,389,0.7750,0.0042,0.781
Cora,SGC,1.0,0,4,317,0.7904,0.0023,0.794
Cora,SGC,1.0,1,4,400,0.7748,0.0023,0.779
Cora,SGC,1.0,0,5,275,0.7888,0.0013,0.792
Cora,SGC,1.0,1,5,391,0.7728,0.0026,0.782
Cora,GAT,0.25,0,1,1,0.1434,0.0173,0.204
Cora,GAT,0.25,1,1,4,0.7558,0.0364,0.786
Cora,GAT,0.25,0,2,1,0.1422,0.0150,0.201
Cora,GAT,0.25,1,2,4,0.7522,0.0442,0.793
Cora,GAT,0.25,0,3,1,0.1416,0.0127,0.204
Cora,GAT,0.25,1,3,4,0.7446,0.0467,0.788
Cora,GAT,0.25,0,4,1,0.1394,0.0080,0.203
Cora,GAT,0.25,1,4,286,0.7388,0.0198,0.783
Cora,GAT,0.25,0,5,1,0.1384,0.0073,0.203
Cora,GAT,0.25,1,5,289,0.7392,0.0195,0.784
Cora,GAT,0.5,0,1,395,0.7602,0.0112,0.784
Cora,GAT,0.5,1,1,10,0.7262,0.0223,0.758
Cora,GAT,0.5,0,2,382,0.7602,0.0116,0.777
Cora,GAT,0.5,1,2,33,0.7154,0.0141,0.752
Cora,GAT,0.5,0,3,396,0.7606,0.0093,0.774
Cora,GAT,0.5,1,3,35,0.7072,0.0149,0.754
Cora,GAT,0.5,0,4,384,0.7600,0.0100,0.773
Cora,GAT,0.5,1,4,35,0.6984,0.0158,0.753
Cora,GAT,0.5,0,5,399,0.7564,0.0086,0.767
Cora,GAT,0.5,1,5,34,0.6886,0.0204,0.743
Cora,GAT,1.0,0,1,14,0.7914,0.0142,0.816
Cora,GAT,1.0,1,1,27,0.7824,0.0084,0.799
Cora,GAT,1.0,0,2,14,0.7936,0.0174,0.814
Cora,GAT,1.0,1,2,32,0.7880,0.0117,0.811
Cora,GAT,1.0,0,3,13,0.7956,0.0169,0.816
Cora,GAT,1.0,1,3,27,0.7860,0.0097,0.804
Cora,GAT,1.0,0,4,13,0.7954,0.0159,0.817
Cora,GAT,1.0,1,4,26,0.7828,0.0093,0.802
Cora,GAT,1.0,0,5,13,0.7950,0.0151,0.808
Cora,GAT,1.0,1,5,18,0.7782,0.0087,0.794
Cora,SAGE,0.25,0,1,319,0.4602,0.0824,0.516
Cora,SAGE,0.25,1,1,223,0.5898,0.0064,0.624
Cora,SAGE,0.25,0,2,319,0.4594,0.0812,0.515
Cora,SAGE,0.25,1,2,237,0.5846,0.0066,0.614
Cora,SAGE,0.25,0,3,319,0.4646,0.0818,0.524
Cora,SAGE,0.25,1,3,121,0.5780,0.0108,0.61
Cora,SAGE,0.25,0,4,319,0.4638,0.0804,0.525
Cora,SAGE,0.25,1,4,122,0.5728,0.0099,0.606
Cora,SAGE,0.25,0,5,319,0.4630,0.0798,0.529
Cora,SAGE,0.25,1,5,73,0.5680,0.0106,0.604
Cora,SAGE,0.5,0,1,294,0.6416,0.0079,0.653
Cora,SAGE,0.5,1,1,383,0.6422,0.0137,0.659
Cora,SAGE,0.5,0,2,390,0.6410,0.0089,0.652
Cora,SAGE,0.5,1,2,390,0.6390,0.0168,0.658
Cora,SAGE,0.5,0,3,396,0.6388,0.0093,0.654
Cora,SAGE,0.5,1,3,379,0.6366,0.0155,0.657
Cora,SAGE,0.5,0,4,381,0.6320,0.0106,0.658
Cora,SAGE,0.5,1,4,383,0.6328,0.0153,0.654
Cora,SAGE,0.5,0,5,323,0.6262,0.0122,0.66
Cora,SAGE,0.5,1,5,371,0.6286,0.0172,0.648
Cora,SAGE,1.0,0,1,139,0.7386,0.0655,0.796
Cora,SAGE,1.0,1,1,271,0.7456,0.0492,0.783
Cora,SAGE,1.0,0,2,131,0.7414,0.0630,0.808
Cora,SAGE,1.0,1,2,196,0.7458,0.0464,0.784
Cora,SAGE,1.0,0,3,148,0.7422,0.0650,0.799
Cora,SAGE,1.0,1,3,188,0.7360,0.0451,0.781
Cora,SAGE,1.0,0,4,148,0.7398,0.0661,0.797
Cora,SAGE,1.0,1,4,181,0.7316,0.0468,0.78
Cora,SAGE,1.0,0,5,124,0.7378,0.0624,0.796
Cora,SAGE,1.0,1,5,179,0.7220,0.0453,0.773
Cora,APPNP,0.25,0,1,281,0.5094,0.0480,0.578
Cora,APPNP,0.25,1,1,25,0.6564,0.0613,0.758
Cora,APPNP,0.25,0,2,281,0.5252,0.0551,0.594
Cora,APPNP,0.25,1,2,27,0.6608,0.0649,0.768
Cora,APPNP,0.25,0,3,281,0.5258,0.0540,0.599
Cora,APPNP,0.25,1,3,26,0.6618,0.0677,0.77
Cora,APPNP,0.25,0,4,281,0.5232,0.0584,0.603
Cora,APPNP,0.25,1,4,26,0.6578,0.0729,0.766
Cora,APPNP,0.25,0,5,281,0.5206,0.0584,0.603
Cora,APPNP,0.25,1,5,25,0.6538,0.0761,0.766
Cora,APPNP,0.5,0,1,398,0.6694,0.0126,0.737
Cora,APPNP,0.5,1,1,47,0.6444,0.0290,0.696
Cora,APPNP,0.5,0,2,376,0.6682,0.0114,0.744
Cora,APPNP,0.5,1,2,49,0.6520,0.0295,0.717
Cora,APPNP,0.5,0,3,386,0.6638,0.0119,0.746
Cora,APPNP,0.5,1,3,48,0.6516,0.0273,0.715
Cora,APPNP,0.5,0,4,398,0.6608,0.0087,0.752
Cora,APPNP,0.5,1,4,46,0.6490,0.0274,0.717
Cora,APPNP,0.5,0,5,386,0.6588,0.0098,0.752
Cora,APPNP,0.5,1,5,51,0.6484,0.0258,0.722
Cora,APPNP,1.0,0,1,308,0.7802,0.0213,0.801
Cora,APPNP,1.0,1,1,177,0.7836,0.0123,0.798
Cora,APPNP,1.0,0,2,400,0.7862,0.0219,0.806
Cora,APPNP,1.0,1,2,198,0.7922,0.0102,0.804
Cora,APPNP,1.0,0,3,400,0.7844,0.0242,0.809
Cora,APPNP,1.0,1,3,190,0.7920,0.0087,0.804
Cora,APPNP,1.0,0,4,400,0.7836,0.0265,0.811
Cora,APPNP,1.0,1,4,187,0.7894,0.0125,0.805
Cora,APPNP,1.0,0,5,325,0.7810,0.0305,0.812
Cora,APPNP,1.0,1,5,186,0.7862,0.0116,0.8
Cora,Cheby,0.25,0,1,399,0.4916,0.0567,0.557
Cora,Cheby,0.25,1,1,33,0.6288,0.0636,0.714
Cora,Cheby,0.25,0,2,394,0.5368,0.0598,0.606
Cora,Cheby,0.25,1,2,33,0.6434,0.0746,0.743
Cora,Cheby,0.25,0,3,393,0.5436,0.0708,0.621
Cora,Cheby,0.25,1,3,36,0.6442,0.0824,0.751
Cora,Cheby,0.25,0,4,399,0.5444,0.0747,0.626
Cora,Cheby,0.25,1,4,33,0.6420,0.0909,0.756
Cora,Cheby,0.25,0,5,396,0.5434,0.0808,0.632
Cora,Cheby,0.25,1,5,32,0.6366,0.0972,0.756
Cora,Cheby,0.5,0,1,400,0.6612,0.0328,0.701
Cora,Cheby,0.5,1,1,399,0.5434,0.0201,0.563
Cora,Cheby,0.5,0,2,385,0.6828,0.0381,0.723
Cora,Cheby,0.5,1,2,399,0.5504,0.0263,0.574
Cora,Cheby,0.5,0,3,400,0.6842,0.0413,0.73
Cora,Cheby,0.5,1,3,389,0.5448,0.0298,0.571
Cora,Cheby,0.5,0,4,398,0.6834,0.0468,0.731
Cora,Cheby,0.5,1,4,397,0.5428,0.0281,0.567
Cora,Cheby,0.5,0,5,400,0.6770,0.0455,0.729
Cora,Cheby,0.5,1,5,398,0.5380,0.0269,0.562
Cora,Cheby,1.0,0,1,387,0.7502,0.0100,0.766
Cora,Cheby,1.0,1,1,399,0.7236,0.0178,0.752
Cora,Cheby,1.0,0,2,353,0.7766,0.0141,0.795
Cora,Cheby,1.0,1,2,400,0.7604,0.0206,0.788
Cora,Cheby,1.0,0,3,329,0.7848,0.0147,0.805
Cora,Cheby,1.0,1,3,397,0.7644,0.0213,0.795
Cora,Cheby,1.0,0,4,391,0.7908,0.0106,0.808
Cora,Cheby,1.0,1,4,397,0.7672,0.0205,0.798
Cora,Cheby,1.0,0,5,335,0.7894,0.0124,0.806
Cora,Cheby,1.0,1,5,400,0.7682,0.0225,0.799
Cora,MLP,0.25,0,1,94,0.4606,0.0501,0.52
Cora,MLP,0.25,1,1,30,0.6404,0.0326,0.708
Cora,MLP,0.25,0,2,371,0.4950,0.0554,0.57
Cora,MLP,0.25,1,2,29,0.6696,0.0433,0.743
Cora,MLP,0.25,0,3,356,0.4984,0.0589,0.583
Cora,MLP,0.25,1,3,28,0.6704,0.0492,0.759
Cora,MLP,0.25,0,4,336,0.4992,0.0580,0.595
Cora,MLP,0.25,1,4,28,0.6702,0.0536,0.765
Cora,MLP,0.25,0,5,386,0.4924,0.0591,0.59
Cora,MLP,0.25,1,5,27,0.6672,0.0614,0.767
Cora,MLP,0.5,0,1,370,0.6532,0.0097,0.674
Cora,MLP,0.5,1,1,370,0.6532,0.0097,0.674
Cora,MLP,0.5,0,2,373,0.6658,0.0078,0.724
Cora,MLP,0.5,1,2,373,0.6658,0.0078,0.724
Cora,MLP,0.5,0,3,390,0.6650,0.0099,0.733
Cora,MLP,0.5,1,3,390,0.6650,0.0099,0.733
Cora,MLP,0.5,0,4,284,0.6642,0.0113,0.737
Cora,MLP,0.5,1,4,284,0.6642,0.0113,0.737
Cora,MLP,0.5,0,5,275,0.6602,0.0126,0.737
Cora,MLP,0.5,1,5,275,0.6602,0.0126,0.737
Cora,MLP,1.0,0,1,398,0.7534,0.0125,0.772
Cora,MLP,1.0,1,1,380,0.7456,0.0235,0.762
Cora,MLP,1.0,0,2,370,0.7790,0.0140,0.791
Cora,MLP,1.0,1,2,379,0.7724,0.0316,0.803
Cora,MLP,1.0,0,3,368,0.7860,0.0151,0.806
Cora,MLP,1.0,1,3,397,0.7740,0.0348,0.81
Cora,MLP,1.0,0,4,323,0.7894,0.0169,0.813
Cora,MLP,1.0,1,4,387,0.7798,0.0375,0.814
Cora,MLP,1.0,0,5,375,0.7908,0.0157,0.814
Cora,MLP,1.0,1,5,388,0.7794,0.0411,0.81
Citeseer,GCN,0.25,0,1,371,0.6614,0.0099,0.675
Citeseer,GCN,0.25,1,1,340,0.6762,0.0055,0.684
Citeseer,GCN,0.25,0,2,371,0.6628,0.0117,0.674
Citeseer,GCN,0.25,1,2,362,0.6758,0.0056,0.687
Citeseer,GCN,0.25,0,3,371,0.6638,0.0104,0.676
Citeseer,GCN,0.25,1,3,376,0.6734,0.0081,0.684
Citeseer,GCN,0.25,0,4,375,0.6640,0.0107,0.676
Citeseer,GCN,0.25,1,4,376,0.6734,0.0083,0.682
Citeseer,GCN,0.25,0,5,375,0.6638,0.0094,0.677
Citeseer,GCN,0.25,1,5,368,0.6716,0.0075,0.681
Citeseer,GCN,0.5,0,1,157,0.6096,0.0034,0.634
Citeseer,GCN,0.5,1,1,308,0.6932,0.0026,0.699
Citeseer,GCN,0.5,0,2,186,0.6156,0.0057,0.646
Citeseer,GCN,0.5,1,2,397,0.6966,0.0035,0.701
Citeseer,GCN,0.5,0,3,249,0.6214,0.0026,0.65
Citeseer,GCN,0.5,1,3,396,0.6962,0.0023,0.699
Citeseer,GCN,0.5,0,4,153,0.6230,0.0037,0.65
Citeseer,GCN,0.5,1,4,400,0.6962,0.0025,0.7
Citeseer,GCN,0.5,0,5,188,0.6248,0.0058,0.655
Citeseer,GCN,0.5,1,5,396,0.6960,0.0019,0.701
Citeseer,GCN,1.0,0,1,333,0.6816,0.0057,0.691
Citeseer,GCN,1.0,1,1,167,0.6622,0.0062,0.673
Citeseer,GCN,1.0,0,2,334,0.6852,0.0060,0.696
Citeseer,GCN,1.0,1,2,152,0.6656,0.0074,0.679
Citeseer,GCN,1.0,0,3,399,0.6860,0.0049,0.695
Citeseer,GCN,1.0,1,3,164,0.6700,0.0057,0.679
Citeseer,GCN,1.0,0,4,336,0.6866,0.0034,0.695
Citeseer,GCN,1.0,1,4,168,0.6700,0.0053,0.679
Citeseer,GCN,1.0,0,5,332,0.6842,0.0056,0.696
Citeseer,GCN,1.0,1,5,144,0.6700,0.0066,0.682
Citeseer,SGC,0.25,0,1,400,0.6100,0.0012,0.613
Citeseer,SGC,0.25,1,1,35,0.6114,0.0065,0.625
Citeseer,SGC,0.25,0,2,400,0.6130,0.0033,0.618
Citeseer,SGC,0.25,1,2,30,0.6140,0.0108,0.627
Citeseer,SGC,0.25,0,3,400,0.6184,0.0023,0.622
Citeseer,SGC,0.25,1,3,29,0.6152,0.0098,0.629
Citeseer,SGC,0.25,0,4,400,0.6166,0.0035,0.622
Citeseer,SGC,0.25,1,4,36,0.6140,0.0085,0.626
Citeseer,SGC,0.25,0,5,400,0.6164,0.0018,0.619
Citeseer,SGC,0.25,1,5,33,0.6152,0.0081,0.626
Citeseer,SGC,0.5,0,1,30,0.6182,0.0022,0.624
Citeseer,SGC,0.5,1,1,397,0.6814,0.0013,0.684
Citeseer,SGC,0.5,0,2,28,0.6198,0.0043,0.63
Citeseer,SGC,0.5,1,2,366,0.6816,0.0021,0.684
Citeseer,SGC,0.5,0,3,26,0.6224,0.0059,0.63
Citeseer,SGC,0.5,1,3,369,0.6828,0.0019,0.685
Citeseer,SGC,0.5,0,4,28,0.6254,0.0057,0.634
Citeseer,SGC,0.5,1,4,367,0.6850,0.0025,0.688
Citeseer,SGC,0.5,0,5,24,0.6252,0.0075,0.637
Citeseer,SGC,0.5,1,5,399,0.6842,0.0019,0.686
Citeseer,SGC,1.0,0,1,328,0.6732,0.0019,0.68
Citeseer,SGC,1.0,1,1,400,0.6444,0.0018,0.646
Citeseer,SGC,1.0,0,2,350,0.6794,0.0013,0.683
Citeseer,SGC,1.0,1,2,399,0.6532,0.0011,0.654
Citeseer,SGC,1.0,0,3,81,0.6822,0.0040,0.688
Citeseer,SGC,1.0,1,3,398,0.6586,0.0015,0.661
Citeseer,SGC,1.0,0,4,87,0.6858,0.0027,0.691
Citeseer,SGC,1.0,1,4,398,0.6620,0.0019,0.664
Citeseer,SGC,1.0,0,5,262,0.6870,0.0020,0.691
Citeseer,SGC,1.0,1,5,392,0.6602,0.0016,0.664
Citeseer,GAT,0.25,0,1,32,0.6766,0.0031,0.682
Citeseer,GAT,0.25,1,1,35,0.6844,0.0025,0.69
Citeseer,GAT,0.25,0,2,34,0.6794,0.0029,0.687
Citeseer,GAT,0.25,1,2,175,0.6854,0.0030,0.692
Citeseer,GAT,0.25,0,3,108,0.6796,0.0054,0.688
Citeseer,GAT,0.25,1,3,286,0.6838,0.0040,0.69
Citeseer,GAT,0.25,0,4,246,0.6788,0.0053,0.686
Citeseer,GAT,0.25,1,4,325,0.6824,0.0029,0.688
Citeseer,GAT,0.25,0,5,114,0.6792,0.0024,0.686
Citeseer,GAT,0.25,1,5,201,0.6806,0.0033,0.686
Citeseer,GAT,0.5,0,1,275,0.6366,0.0050,0.652
Citeseer,GAT,0.5,1,1,342,0.6986,0.0068,0.706
Citeseer,GAT,0.5,0,2,367,0.6408,0.0026,0.655
Citeseer,GAT,0.5,1,2,113,0.7018,0.0053,0.71
Citeseer,GAT,0.5,0,3,367,0.6476,0.0030,0.66
Citeseer,GAT,0.5,1,3,349,0.7044,0.0055,0.71
Citeseer,GAT,0.5,0,4,368,0.6474,0.0022,0.666
Citeseer,GAT,0.5,1,4,369,0.7044,0.0042,0.711
Citeseer,GAT,0.5,0,5,339,0.6472,0.0029,0.669
Citeseer,GAT,0.5,1,5,400,0.7038,0.0075,0.712
Citeseer,GAT,1.0,0,1,10,0.6994,0.0054,0.709
Citeseer,GAT,1.0,1,1,32,0.6846,0.0055,0.695
Citeseer,GAT,1.0,0,2,10,0.7000,0.0072,0.71
Citeseer,GAT,1.0,1,2,32,0.6872,0.0051,0.699
Citeseer,GAT,1.0,0,3,10,0.6996,0.0067,0.711
Citeseer,GAT,1.0,1,3,30,0.6878,0.0050,0.699
Citeseer,GAT,1.0,0,4,6,0.6992,0.0050,0.708
Citeseer,GAT,1.0,1,4,30,0.6900,0.0038,0.7
Citeseer,GAT,1.0,0,5,6,0.6978,0.0047,0.708
Citeseer,GAT,1.0,1,5,30,0.6908,0.0031,0.7
Citeseer,SAGE,0.25,0,1,330,0.6076,0.0613,0.683
Citeseer,SAGE,0.25,1,1,379,0.6334,0.0559,0.688
Citeseer,SAGE,0.25,0,2,342,0.6076,0.0566,0.679
Citeseer,SAGE,0.25,1,2,375,0.6352,0.0538,0.686
Citeseer,SAGE,0.25,0,3,330,0.6082,0.0580,0.678
Citeseer,SAGE,0.25,1,3,382,0.6348,0.0526,0.686
Citeseer,SAGE,0.25,0,4,346,0.6092,0.0560,0.675
Citeseer,SAGE,0.25,1,4,381,0.6344,0.0521,0.685
Citeseer,SAGE,0.25,0,5,344,0.6086,0.0561,0.675
Citeseer,SAGE,0.25,1,5,375,0.6340,0.0517,0.684
Citeseer,SAGE,0.5,0,1,327,0.6040,0.0136,0.652
Citeseer,SAGE,0.5,1,1,381,0.6954,0.0032,0.703
Citeseer,SAGE,0.5,0,2,327,0.6062,0.0134,0.649
Citeseer,SAGE,0.5,1,2,387,0.7000,0.0043,0.706
Citeseer,SAGE,0.5,0,3,327,0.6080,0.0165,0.648
Citeseer,SAGE,0.5,1,3,366,0.7004,0.0018,0.703
Citeseer,SAGE,0.5,0,4,327,0.6090,0.0190,0.65
Citeseer,SAGE,0.5,1,4,364,0.6994,0.0021,0.703
Citeseer,SAGE,0.5,0,5,327,0.6056,0.0179,0.649
Citeseer,SAGE,0.5,1,5,365,0.6996,0.0024,0.704
Citeseer,SAGE,1.0,0,1,217,0.6668,0.0050,0.681
Citeseer,SAGE,1.0,1,1,361,0.6624,0.0163,0.681
Citeseer,SAGE,1.0,0,2,66,0.6674,0.0075,0.683
Citeseer,SAGE,1.0,1,2,377,0.6646,0.0159,0.681
Citeseer,SAGE,1.0,0,3,76,0.6670,0.0073,0.687
Citeseer,SAGE,1.0,1,3,135,0.6660,0.0139,0.682
Citeseer,SAGE,1.0,0,4,76,0.6664,0.0058,0.69
Citeseer,SAGE,1.0,1,4,143,0.6654,0.0156,0.685
Citeseer,SAGE,1.0,0,5,74,0.6658,0.0055,0.692
Citeseer,SAGE,1.0,1,5,394,0.6638,0.0165,0.684
Citeseer,APPNP,0.25,0,1,326,0.6494,0.0114,0.668
Citeseer,APPNP,0.25,1,1,340,0.6726,0.0133,0.683
Citeseer,APPNP,0.25,0,2,371,0.6494,0.0161,0.67
Citeseer,APPNP,0.25,1,2,329,0.6736,0.0093,0.685
Citeseer,APPNP,0.25,0,3,371,0.6476,0.0129,0.667
Citeseer,APPNP,0.25,1,3,328,0.6730,0.0097,0.686
Citeseer,APPNP,0.25,0,4,372,0.6474,0.0118,0.666
Citeseer,APPNP,0.25,1,4,327,0.6726,0.0068,0.682
Citeseer,APPNP,0.25,0,5,367,0.6466,0.0141,0.667
Citeseer,APPNP,0.25,1,5,329,0.6710,0.0071,0.679
Citeseer,APPNP,0.5,0,1,63,0.5932,0.0129,0.62
Citeseer,APPNP,0.5,1,1,400,0.6796,0.0047,0.688
Citeseer,APPNP,0.5,0,2,61,0.6024,0.0127,0.628
Citeseer,APPNP,0.5,1,2,387,0.6836,0.0087,0.695
Citeseer,APPNP,0.5,0,3,61,0.6076,0.0143,0.627
Citeseer,APPNP,0.5,1,3,331,0.6854,0.0036,0.692
Citeseer,APPNP,0.5,0,4,62,0.6102,0.0161,0.628
Citeseer,APPNP,0.5,1,4,386,0.6870,0.0026,0.691
Citeseer,APPNP,0.5,0,5,62,0.6120,0.0164,0.632
Citeseer,APPNP,0.5,1,5,386,0.6880,0.0029,0.693
Citeseer,APPNP,1.0,0,1,42,0.6588,0.0077,0.673
Citeseer,APPNP,1.0,1,1,400,0.6506,0.0097,0.662
Citeseer,APPNP,1.0,0,2,43,0.6608,0.0047,0.678
Citeseer,APPNP,1.0,1,2,375,0.6574,0.0088,0.666
Citeseer,APPNP,1.0,0,3,41,0.6616,0.0046,0.679
Citeseer,APPNP,1.0,1,3,398,0.6594,0.0080,0.669
Citeseer,APPNP,1.0,0,4,36,0.6628,0.0041,0.679
Citeseer,APPNP,1.0,1,4,387,0.6606,0.0075,0.673
Citeseer,APPNP,1.0,0,5,42,0.6636,0.0096,0.676
Citeseer,APPNP,1.0,1,5,397,0.6614,0.0089,0.675
Citeseer,Cheby,0.25,0,1,388,0.6458,0.0173,0.665
Citeseer,Cheby,0.25,1,1,332,0.6490,0.0297,0.67
Citeseer,Cheby,0.25,0,2,340,0.6514,0.0185,0.674
Citeseer,Cheby,0.25,1,2,373,0.6600,0.0273,0.68
Citeseer,Cheby,0.25,0,3,360,0.6548,0.0181,0.677
Citeseer,Cheby,0.25,1,3,364,0.6636,0.0251,0.678
Citeseer,Cheby,0.25,0,4,386,0.6550,0.0182,0.674
Citeseer,Cheby,0.25,1,4,395,0.6630,0.0240,0.681
Citeseer,Cheby,0.25,0,5,392,0.6544,0.0187,0.675
Citeseer,Cheby,0.25,1,5,373,0.6624,0.0219,0.679
Citeseer,Cheby,0.5,0,1,257,0.5618,0.0312,0.593
Citeseer,Cheby,0.5,1,1,396,0.6594,0.0088,0.672
Citeseer,Cheby,0.5,0,2,395,0.5756,0.0266,0.603
Citeseer,Cheby,0.5,1,2,396,0.6744,0.0099,0.691
Citeseer,Cheby,0.5,0,3,246,0.5812,0.0284,0.611
Citeseer,Cheby,0.5,1,3,392,0.6760,0.0095,0.692
Citeseer,Cheby,0.5,0,4,387,0.5850,0.0289,0.617
Citeseer,Cheby,0.5,1,4,398,0.6764,0.0145,0.698
Citeseer,Cheby,0.5,0,5,261,0.5882,0.0280,0.624
Citeseer,Cheby,0.5,1,5,384,0.6754,0.0154,0.7
Citeseer,Cheby,1.0,0,1,335,0.6184,0.0302,0.647
Citeseer,Cheby,1.0,1,1,393,0.5904,0.0094,0.602
Citeseer,Cheby,1.0,0,2,351,0.6382,0.0345,0.664
Citeseer,Cheby,1.0,1,2,399,0.6062,0.0098,0.619
Citeseer,Cheby,1.0,0,3,342,0.6398,0.0323,0.67
Citeseer,Cheby,1.0,1,3,397,0.6064,0.0118,0.624
Citeseer,Cheby,1.0,0,4,247,0.6414,0.0318,0.672
Citeseer,Cheby,1.0,1,4,400,0.6078,0.0100,0.629
Citeseer,Cheby,1.0,0,5,368,0.6420,0.0316,0.674
Citeseer,Cheby,1.0,1,5,400,0.6082,0.0106,0.627
Citeseer,MLP,0.25,0,1,400,0.6500,0.0068,0.663
Citeseer,MLP,0.25,1,1,396,0.6590,0.0058,0.665
Citeseer,MLP,0.25,0,2,392,0.6544,0.0121,0.669
Citeseer,MLP,0.25,1,2,399,0.6726,0.0065,0.68
Citeseer,MLP,0.25,0,3,400,0.6578,0.0117,0.673
Citeseer,MLP,0.25,1,3,343,0.6774,0.0079,0.686
Citeseer,MLP,0.25,0,4,400,0.6566,0.0111,0.671
Citeseer,MLP,0.25,1,4,382,0.6756,0.0067,0.686
Citeseer,MLP,0.25,0,5,377,0.6548,0.0112,0.669
Citeseer,MLP,0.25,1,5,398,0.6758,0.0061,0.683
Citeseer,MLP,0.5,0,1,180,0.5822,0.0142,0.599
Citeseer,MLP,0.5,1,1,386,0.6692,0.0033,0.674
Citeseer,MLP,0.5,0,2,359,0.5956,0.0097,0.611
Citeseer,MLP,0.5,1,2,399,0.6866,0.0044,0.691
Citeseer,MLP,0.5,0,3,354,0.6046,0.0109,0.621
Citeseer,MLP,0.5,1,3,396,0.6854,0.0052,0.691
Citeseer,MLP,0.5,0,4,359,0.6116,0.0113,0.628
Citeseer,MLP,0.5,1,4,322,0.6888,0.0034,0.693
Citeseer,MLP,0.5,0,5,390,0.6156,0.0114,0.634
Citeseer,MLP,0.5,1,5,379,0.6886,0.0039,0.695
Citeseer,MLP,1.0,0,1,44,0.6394,0.0049,0.65
Citeseer,MLP,1.0,1,1,385,0.6296,0.0032,0.636
Citeseer,MLP,1.0,0,2,45,0.6560,0.0051,0.671
Citeseer,MLP,1.0,1,2,398,0.6398,0.0015,0.644
Citeseer,MLP,1.0,0,3,47,0.6596,0.0057,0.679
Citeseer,MLP,1.0,1,3,398,0.6474,0.0044,0.653
Citeseer,MLP,1.0,0,4,48,0.6612,0.0058,0.679
Citeseer,MLP,1.0,1,4,396,0.6530,0.0037,0.657
Citeseer,MLP,1.0,0,5,47,0.6620,0.0074,0.68
Citeseer,MLP,1.0,1,5,400,0.6534,0.0027,0.657
Pubmed,GCN,0.25,0,1,133,0.4764,0.0914,0.596
Pubmed,GCN,0.25,1,1,400,0.6340,0.0842,0.717
Pubmed,GCN,0.25,0,2,132,0.4808,0.0966,0.614
Pubmed,GCN,0.25,1,2,400,0.6316,0.0900,0.722
Pubmed,GCN,0.25,0,3,132,0.4822,0.0968,0.622
Pubmed,GCN,0.25,1,3,400,0.6276,0.0907,0.721
Pubmed,GCN,0.25,0,4,132,0.4850,0.0998,0.627
Pubmed,GCN,0.25,1,4,400,0.6282,0.0932,0.725
Pubmed,GCN,0.25,0,5,132,0.4856,0.1010,0.637
Pubmed,GCN,0.25,1,5,400,0.6270,0.0971,0.725
Pubmed,GCN,0.5,0,1,269,0.6906,0.0598,0.785
Pubmed,GCN,0.5,1,1,289,0.7284,0.0311,0.782
Pubmed,GCN,0.5,0,2,265,0.6892,0.0599,0.789
Pubmed,GCN,0.5,1,2,395,0.7268,0.0419,0.784
Pubmed,GCN,0.5,0,3,270,0.6796,0.0662,0.787
Pubmed,GCN,0.5,1,3,395,0.7218,0.0410,0.78
Pubmed,GCN,0.5,0,4,267,0.6776,0.0692,0.789
Pubmed,GCN,0.5,1,4,396,0.7188,0.0421,0.777
Pubmed,GCN,0.5,0,5,269,0.6712,0.0709,0.791
Pubmed,GCN,0.5,1,5,396,0.7148,0.0452,0.775
Pubmed,GCN,1.0,0,1,400,0.6834,0.0075,0.693
Pubmed,GCN,1.0,1,1,181,0.7552,0.0042,0.761
Pubmed,GCN,1.0,0,2,355,0.6726,0.0088,0.689
Pubmed,GCN,1.0,1,2,173,0.7546,0.0017,0.763
Pubmed,GCN,1.0,0,3,365,0.6642,0.0081,0.677
Pubmed,GCN,1.0,1,3,189,0.7522,0.0059,0.764
Pubmed,GCN,1.0,0,4,357,0.6604,0.0091,0.672
Pubmed,GCN,1.0,1,4,169,0.7500,0.0023,0.763
Pubmed,GCN,1.0,0,5,391,0.6594,0.0076,0.669
Pubmed,GCN,1.0,1,5,163,0.7492,0.0039,0.761
Pubmed,SGC,0.25,0,1,52,0.5830,0.1100,0.697
Pubmed,SGC,0.25,1,1,400,0.5150,0.0139,0.533
Pubmed,SGC,0.25,0,2,51,0.5860,0.1127,0.697
Pubmed,SGC,0.25,1,2,400,0.5154,0.0153,0.535
Pubmed,SGC,0.25,0,3,50,0.5850,0.1151,0.703
Pubmed,SGC,0.25,1,3,399,0.5052,0.0145,0.524
Pubmed,SGC,0.25,0,4,48,0.5828,0.1151,0.703
Pubmed,SGC,0.25,1,4,400,0.5026,0.0132,0.52
Pubmed,SGC,0.25,0,5,49,0.5826,0.1154,0.701
Pubmed,SGC,0.25,1,5,400,0.4952,0.0131,0.513
Pubmed,SGC,0.5,0,1,400,0.6414,0.0332,0.674
Pubmed,SGC,0.5,1,1,400,0.4604,0.0140,0.504
Pubmed,SGC,0.5,0,2,399,0.6448,0.0339,0.685
Pubmed,SGC,0.5,1,2,400,0.4514,0.0118,0.507
Pubmed,SGC,0.5,0,3,400,0.6408,0.0434,0.688
Pubmed,SGC,0.5,1,3,400,0.4472,0.0099,0.503
Pubmed,SGC,0.5,0,4,398,0.6422,0.0472,0.693
Pubmed,SGC,0.5,1,4,400,0.4446,0.0090,0.503
Pubmed,SGC,0.5,0,5,399,0.6398,0.0507,0.693
Pubmed,SGC,0.5,1,5,400,0.4428,0.0085,0.506
Pubmed,SGC,1.0,0,1,91,0.5092,0.0177,0.698
Pubmed,SGC,1.0,1,1,28,0.5260,0.0806,0.684
Pubmed,SGC,1.0,0,2,94,0.5094,0.0170,0.705
Pubmed,SGC,1.0,1,2,29,0.5270,0.0835,0.689
Pubmed,SGC,1.0,0,3,95,0.5086,0.0161,0.708
Pubmed,SGC,1.0,1,3,52,0.5242,0.0272,0.689
Pubmed,SGC,1.0,0,4,99,0.5084,0.0162,0.706
Pubmed,SGC,1.0,1,4,56,0.5220,0.0270,0.693
Pubmed,SGC,1.0,0,5,100,0.5072,0.0159,0.707
Pubmed,SGC,1.0,1,5,57,0.5204,0.0271,0.697
Pubmed,GAT,0.25,0,1,35,0.4138,0.1728,0.668
Pubmed,GAT,0.25,1,1,44,0.6992,0.0298,0.75
Pubmed,GAT,0.25,0,2,35,0.4140,0.1732,0.669
Pubmed,GAT,0.25,1,2,30,0.6960,0.0369,0.754
Pubmed,GAT,0.25,0,3,35,0.4152,0.1754,0.675
Pubmed,GAT,0.25,1,3,29,0.6956,0.0371,0.764
Pubmed,GAT,0.25,0,4,35,0.4142,0.1735,0.67
Pubmed,GAT,0.25,1,4,29,0.6960,0.0404,0.764
Pubmed,GAT,0.25,0,5,35,0.4144,0.1739,0.671
Pubmed,GAT,0.25,1,5,29,0.6944,0.0434,0.768
Pubmed,GAT,0.5,0,1,398,0.7834,0.0068,0.797
Pubmed,GAT,0.5,1,1,24,0.7196,0.0589,0.782
Pubmed,GAT,0.5,0,2,85,0.7766,0.0182,0.803
Pubmed,GAT,0.5,1,2,24,0.7120,0.0581,0.778
Pubmed,GAT,0.5,0,3,86,0.7730,0.0150,0.802
Pubmed,GAT,0.5,1,3,24,0.7130,0.0598,0.778
Pubmed,GAT,0.5,0,4,86,0.7700,0.0150,0.802
Pubmed,GAT,0.5,1,4,24,0.7096,0.0591,0.778
Pubmed,GAT,0.5,0,5,85,0.7688,0.0152,0.803
Pubmed,GAT,0.5,1,5,24,0.7092,0.0588,0.778
Pubmed,GAT,1.0,0,1,391,0.7544,0.0213,0.775
Pubmed,GAT,1.0,1,1,388,0.7460,0.0283,0.769
Pubmed,GAT,1.0,0,2,382,0.7528,0.0122,0.766
Pubmed,GAT,1.0,1,2,400,0.7458,0.0243,0.769
Pubmed,GAT,1.0,0,3,349,0.7600,0.0157,0.778
Pubmed,GAT,1.0,1,3,400,0.7494,0.0261,0.769
Pubmed,GAT,1.0,0,4,389,0.7600,0.0131,0.778
Pubmed,GAT,1.0,1,4,396,0.7494,0.0233,0.773
Pubmed,GAT,1.0,0,5,390,0.7634,0.0134,0.782
Pubmed,GAT,1.0,1,5,399,0.7500,0.0247,0.774
Pubmed,SAGE,0.25,0,1,362,0.6472,0.0700,0.698
Pubmed,SAGE,0.25,1,1,278,0.6932,0.0477,0.78
Pubmed,SAGE,0.25,0,2,380,0.6338,0.0833,0.692
Pubmed,SAGE,0.25,1,2,216,0.6812,0.0607,0.778
Pubmed,SAGE,0.25,0,3,350,0.6374,0.0809,0.694
Pubmed,SAGE,0.25,1,3,211,0.6850,0.0562,0.775
Pubmed,SAGE,0.25,0,4,354,0.6300,0.0888,0.694
Pubmed,SAGE,0.25,1,4,120,0.6792,0.0547,0.777
Pubmed,SAGE,0.25,0,5,368,0.6284,0.0890,0.696
Pubmed,SAGE,0.25,1,5,399,0.6770,0.0612,0.776
Pubmed,SAGE,0.5,0,1,366,0.7758,0.0175,0.796
Pubmed,SAGE,0.5,1,1,398,0.7634,0.0029,0.785
Pubmed,SAGE,0.5,0,2,186,0.7760,0.0174,0.799
Pubmed,SAGE,0.5,1,2,399,0.7558,0.0073,0.791
Pubmed,SAGE,0.5,0,3,180,0.7778,0.0166,0.802
Pubmed,SAGE,0.5,1,3,389,0.7542,0.0028,0.79
Pubmed,SAGE,0.5,0,4,173,0.7770,0.0177,0.799
Pubmed,SAGE,0.5,1,4,387,0.7520,0.0030,0.789
Pubmed,SAGE,0.5,0,5,180,0.7772,0.0159,0.799
Pubmed,SAGE,0.5,1,5,385,0.7498,0.0026,0.785
Pubmed,SAGE,1.0,0,1,83,0.7512,0.0107,0.773
Pubmed,SAGE,1.0,1,1,207,0.7694,0.0205,0.795
Pubmed,SAGE,1.0,0,2,83,0.7470,0.0094,0.765
Pubmed,SAGE,1.0,1,2,221,0.7670,0.0213,0.794
Pubmed,SAGE,1.0,0,3,84,0.7532,0.0078,0.765
Pubmed,SAGE,1.0,1,3,216,0.7698,0.0246,0.799
Pubmed,SAGE,1.0,0,4,83,0.7530,0.0067,0.765
Pubmed,SAGE,1.0,1,4,217,0.7700,0.0276,0.798
Pubmed,SAGE,1.0,0,5,83,0.7520,0.0087,0.768
Pubmed,SAGE,1.0,1,5,215,0.7706,0.0249,0.799
Pubmed,APPNP,0.25,0,1,267,0.5286,0.1374,0.765
Pubmed,APPNP,0.25,1,1,195,0.6542,0.0496,0.711
Pubmed,APPNP,0.25,0,2,267,0.5226,0.1373,0.762
Pubmed,APPNP,0.25,1,2,177,0.6522,0.0524,0.722
Pubmed,APPNP,0.25,0,3,267,0.5194,0.1376,0.755
Pubmed,APPNP,0.25,1,3,177,0.6404,0.0596,0.714
Pubmed,APPNP,0.25,0,4,267,0.5158,0.1358,0.751
Pubmed,APPNP,0.25,1,4,164,0.6382,0.0607,0.716
Pubmed,APPNP,0.25,0,5,267,0.5124,0.1346,0.747
Pubmed,APPNP,0.25,1,5,164,0.6316,0.0663,0.719
Pubmed,APPNP,0.5,0,1,400,0.7294,0.0511,0.793
Pubmed,APPNP,0.5,1,1,310,0.7046,0.0294,0.771
Pubmed,APPNP,0.5,0,2,398,0.7280,0.0545,0.797
Pubmed,APPNP,0.5,1,2,333,0.7008,0.0331,0.772
Pubmed,APPNP,0.5,0,3,400,0.7218,0.0568,0.803
Pubmed,APPNP,0.5,1,3,296,0.6934,0.0339,0.767
Pubmed,APPNP,0.5,0,4,399,0.7204,0.0561,0.805
Pubmed,APPNP,0.5,1,4,288,0.6882,0.0325,0.768
Pubmed,APPNP,0.5,0,5,400,0.7132,0.0590,0.803
Pubmed,APPNP,0.5,1,5,325,0.6810,0.0333,0.771
Pubmed,APPNP,1.0,0,1,276,0.6714,0.0309,0.71
Pubmed,APPNP,1.0,1,1,178,0.7388,0.0068,0.747
Pubmed,APPNP,1.0,0,2,272,0.6664,0.0277,0.708
Pubmed,APPNP,1.0,1,2,170,0.7474,0.0063,0.757
Pubmed,APPNP,1.0,0,3,311,0.6500,0.0242,0.689
Pubmed,APPNP,1.0,1,3,171,0.7412,0.0025,0.752
Pubmed,APPNP,1.0,0,4,340,0.6478,0.0239,0.691
Pubmed,APPNP,1.0,1,4,172,0.7450,0.0073,0.756
Pubmed,APPNP,1.0,0,5,340,0.6410,0.0226,0.684
Pubmed,APPNP,1.0,1,5,176,0.7438,0.0077,0.754
Pubmed,Cheby,0.25,0,1,93,0.5840,0.0698,0.654
Pubmed,Cheby,0.25,1,1,100,0.5454,0.0543,0.612
Pubmed,Cheby,0.25,0,2,100,0.5804,0.0791,0.664
Pubmed,Cheby,0.25,1,2,108,0.5464,0.0641,0.63
Pubmed,Cheby,0.25,0,3,105,0.5758,0.0768,0.666
Pubmed,Cheby,0.25,1,3,109,0.5322,0.0631,0.619
Pubmed,Cheby,0.25,0,4,105,0.5734,0.0803,0.671
Pubmed,Cheby,0.25,1,4,95,0.5312,0.0657,0.619
Pubmed,Cheby,0.25,0,5,105,0.5688,0.0799,0.671
Pubmed,Cheby,0.25,1,5,105,0.5244,0.0661,0.617
Pubmed,Cheby,0.5,0,1,372,0.6604,0.0119,0.699
Pubmed,Cheby,0.5,1,1,52,0.5888,0.0602,0.666
Pubmed,Cheby,0.5,0,2,377,0.6754,0.0161,0.708
Pubmed,Cheby,0.5,1,2,57,0.6098,0.0409,0.676
Pubmed,Cheby,0.5,0,3,279,0.6700,0.0151,0.708
Pubmed,Cheby,0.5,1,3,49,0.5972,0.0660,0.682
Pubmed,Cheby,0.5,0,4,335,0.6750,0.0226,0.71
Pubmed,Cheby,0.5,1,4,53,0.5918,0.0512,0.661
Pubmed,Cheby,0.5,0,5,317,0.6708,0.0233,0.709
Pubmed,Cheby,0.5,1,5,49,0.5936,0.0670,0.673
Pubmed,Cheby,1.0,0,1,395,0.6412,0.0096,0.657
Pubmed,Cheby,1.0,1,1,400,0.6834,0.0100,0.698
Pubmed,Cheby,1.0,0,2,373,0.6570,0.0101,0.674
Pubmed,Cheby,1.0,1,2,400,0.6910,0.0072,0.702
Pubmed,Cheby,1.0,0,3,388,0.6336,0.0082,0.646
Pubmed,Cheby,1.0,1,3,399,0.6792,0.0098,0.693
Pubmed,Cheby,1.0,0,4,379,0.6332,0.0058,0.643
Pubmed,Cheby,1.0,1,4,398,0.6800,0.0107,0.695
Pubmed,Cheby,1.0,0,5,395,0.6228,0.0120,0.641
Pubmed,Cheby,1.0,1,5,400,0.6774,0.0103,0.693
Pubmed,MLP,0.25,0,1,400,0.5890,0.0699,0.763
Pubmed,MLP,0.25,1,1,130,0.5628,0.0365,0.61
Pubmed,MLP,0.25,0,2,399,0.5926,0.0739,0.783
Pubmed,MLP,0.25,1,2,133,0.5614,0.0437,0.617
Pubmed,MLP,0.25,0,3,400,0.5854,0.0808,0.774
Pubmed,MLP,0.25,1,3,143,0.5458,0.0515,0.612
Pubmed,MLP,0.25,0,4,400,0.5828,0.0787,0.777
Pubmed,MLP,0.25,1,4,138,0.5422,0.0551,0.61
Pubmed,MLP,0.25,0,5,400,0.5766,0.0800,0.768
Pubmed,MLP,0.25,1,5,133,0.5350,0.0575,0.608
Pubmed,MLP,0.5,0,1,398,0.6028,0.0444,0.701
Pubmed,MLP,0.5,1,1,241,0.6548,0.0586,0.746
Pubmed,MLP,0.5,0,2,122,0.6124,0.1156,0.721
Pubmed,MLP,0.5,1,2,270,0.6684,0.0685,0.766
Pubmed,MLP,0.5,0,3,123,0.6012,0.1216,0.716
Pubmed,MLP,0.5,1,3,259,0.6394,0.0740,0.774
Pubmed,MLP,0.5,0,4,123,0.6002,0.1229,0.715
Pubmed,MLP,0.5,1,4,261,0.6352,0.0784,0.776
Pubmed,MLP,0.5,0,5,120,0.5972,0.1274,0.714
Pubmed,MLP,0.5,1,5,275,0.6220,0.0868,0.774
Pubmed,MLP,1.0,0,1,272,0.6300,0.0177,0.653
Pubmed,MLP,1.0,1,1,175,0.7216,0.0067,0.732
Pubmed,MLP,1.0,0,2,347,0.6414,0.0169,0.661
Pubmed,MLP,1.0,1,2,164,0.7498,0.0085,0.762
Pubmed,MLP,1.0,0,3,353,0.6154,0.0132,0.634
Pubmed,MLP,1.0,1,3,165,0.7436,0.0074,0.753
Pubmed,MLP,1.0,0,4,400,0.6170,0.0152,0.635
Pubmed,MLP,1.0,1,4,162,0.7484,0.0103,0.759
Pubmed,MLP,1.0,0,5,382,0.6108,0.0133,0.627
Pubmed,MLP,1.0,1,5,162,0.7432,0.0112,0.758
Photo,GCN,0.25,0,1,309,0.4535,0.0422,0.52875
Photo,GCN,0.25,1,1,400,0.4835,0.0634,0.565
Photo,GCN,0.25,0,2,309,0.4465,0.0399,0.51625
Photo,GCN,0.25,1,2,386,0.4773,0.0604,0.565
Photo,GCN,0.25,0,3,327,0.4375,0.0320,0.4925
Photo,GCN,0.25,1,3,387,0.4728,0.0621,0.56375
Photo,GCN,0.25,0,4,328,0.4293,0.0279,0.47875
Photo,GCN,0.25,1,4,387,0.4675,0.0649,0.56125
Photo,GCN,0.25,0,5,367,0.4217,0.0135,0.45625
Photo,GCN,0.25,1,5,386,0.4615,0.0640,0.56
Photo,GCN,0.5,0,1,384,0.6023,0.0875,0.7475
Photo,GCN,0.5,1,1,319,0.2938,0.0906,0.43125
Photo,GCN,0.5,0,2,386,0.5735,0.0794,0.72625
Photo,GCN,0.5,1,2,319,0.2887,0.0903,0.445
Photo,GCN,0.5,0,3,336,0.5393,0.1034,0.69125
Photo,GCN,0.5,1,3,319,0.2863,0.0894,0.45
Photo,GCN,0.5,0,4,272,0.5125,0.0737,0.655
Photo,GCN,0.5,1,4,319,0.2770,0.0873,0.45125
Photo,GCN,0.5,0,5,271,0.4938,0.0640,0.6325
Photo,GCN,0.5,1,5,319,0.2803,0.0859,0.4625
Photo,GCN,1.0,0,1,324,0.4380,0.1050,0.58875
Photo,GCN,1.0,1,1,381,0.6460,0.0413,0.7575
Photo,GCN,1.0,0,2,324,0.4185,0.0967,0.575
Photo,GCN,1.0,1,2,399,0.6273,0.0787,0.7575
Photo,GCN,1.0,0,3,396,0.4017,0.0926,0.55875
Photo,GCN,1.0,1,3,399,0.6158,0.0786,0.75625
Photo,GCN,1.0,0,4,325,0.3900,0.0913,0.54
Photo,GCN,1.0,1,4,399,0.6007,0.0723,0.75125
Photo,GCN,1.0,0,5,396,0.3783,0.0827,0.52625
Photo,GCN,1.0,1,5,399,0.5872,0.0798,0.7425
Photo,SGC,0.25,0,1,337,0.3873,0.0416,0.42375
Photo,SGC,0.25,1,1,400,0.4552,0.0440,0.505
Photo,SGC,0.25,0,2,322,0.3770,0.0445,0.41875
Photo,SGC,0.25,1,2,400,0.4483,0.0463,0.49875
Photo,SGC,0.25,0,3,329,0.3613,0.0448,0.405
Photo,SGC,0.25,1,3,400,0.4350,0.0370,0.47
Photo,SGC,0.25,0,4,333,0.3498,0.0448,0.3975
Photo,SGC,0.25,1,4,399,0.4225,0.0323,0.4475
Photo,SGC,0.25,0,5,322,0.3352,0.0430,0.38125
Photo,SGC,0.25,1,5,399,0.4073,0.0341,0.435
Photo,SGC,0.5,0,1,366,0.3567,0.0077,0.3675
Photo,SGC,0.5,1,1,113,0.3170,0.0674,0.43
Photo,SGC,0.5,0,2,253,0.3487,0.0098,0.36
Photo,SGC,0.5,1,2,117,0.3133,0.0640,0.41625
Photo,SGC,0.5,0,3,276,0.3420,0.0121,0.355
Photo,SGC,0.5,1,3,113,0.3100,0.0721,0.405
Photo,SGC,0.5,0,4,248,0.3325,0.0179,0.35
Photo,SGC,0.5,1,4,112,0.3057,0.0731,0.4025
Photo,SGC,0.5,0,5,188,0.3223,0.0372,0.3475
Photo,SGC,0.5,1,5,113,0.3025,0.0767,0.4
Photo,SGC,1.0,0,1,20,0.3730,0.0985,0.62125
Photo,SGC,1.0,1,1,292,0.6298,0.0777,0.72875
Photo,SGC,1.0,0,2,20,0.3620,0.0914,0.585
Photo,SGC,1.0,1,2,342,0.6040,0.0654,0.705
Photo,SGC,1.0,0,3,21,0.3483,0.0795,0.55375
Photo,SGC,1.0,1,3,369,0.5848,0.0529,0.68125
Photo,SGC,1.0,0,4,21,0.3365,0.0700,0.5325
Photo,SGC,1.0,1,4,374,0.5758,0.0514,0.66125
Photo,SGC,1.0,0,5,22,0.3277,0.0725,0.51625
Photo,SGC,1.0,1,5,388,0.5663,0.0429,0.64125
Photo,GAT,0.25,0,1,31,0.4003,0.0442,0.4625
Photo,GAT,0.25,1,1,261,0.4930,0.0164,0.53125
Photo,GAT,0.25,0,2,32,0.4142,0.0273,0.48125
Photo,GAT,0.25,1,2,245,0.4927,0.0213,0.53875
Photo,GAT,0.25,0,3,32,0.3993,0.0336,0.46
Photo,GAT,0.25,1,3,257,0.4972,0.0172,0.5375
Photo,GAT,0.25,0,4,73,0.3955,0.0373,0.4525
Photo,GAT,0.25,1,4,194,0.4940,0.0257,0.54125
Photo,GAT,0.25,0,5,72,0.3877,0.0519,0.44125
Photo,GAT,0.25,1,5,194,0.4885,0.0301,0.53875
Photo,GAT,0.5,0,1,169,0.4848,0.0490,0.565
Photo,GAT,0.5,1,1,76,0.2392,0.1606,0.47
Photo,GAT,0.5,0,2,153,0.5085,0.0675,0.61
Photo,GAT,0.5,1,2,388,0.2425,0.1658,0.4725
Photo,GAT,0.5,0,3,149,0.4952,0.0664,0.585
Photo,GAT,0.5,1,3,370,0.2432,0.1673,0.47875
Photo,GAT,0.5,0,4,149,0.4978,0.0651,0.58375
Photo,GAT,0.5,1,4,368,0.2173,0.1271,0.36875
Photo,GAT,0.5,0,5,149,0.4940,0.0644,0.57875
Photo,GAT,0.5,1,5,399,0.2418,0.1643,0.4675
Photo,GAT,1.0,0,1,228,0.1913,0.0969,0.41625
Photo,GAT,1.0,1,1,1,0.1428,0.0420,0.215
Photo,GAT,1.0,0,2,228,0.1908,0.0959,0.43
Photo,GAT,1.0,1,2,1,0.1445,0.0474,0.22625
Photo,GAT,1.0,0,3,228,0.1895,0.0936,0.44
Photo,GAT,1.0,1,3,1,0.1458,0.0467,0.2275
Photo,GAT,1.0,0,4,228,0.1888,0.0922,0.44625
Photo,GAT,1.0,1,4,1,0.1468,0.0504,0.235
Photo,GAT,1.0,0,5,3,0.1888,0.1447,0.4475
Photo,GAT,1.0,1,5,1,0.1482,0.0512,0.23875
Photo,SAGE,0.25,0,1,209,0.4568,0.0664,0.57125
Photo,SAGE,0.25,1,1,338,0.5082,0.0545,0.5675
Photo,SAGE,0.25,0,2,214,0.4455,0.0735,0.57
Photo,SAGE,0.25,1,2,366,0.5020,0.0540,0.56125
Photo,SAGE,0.25,0,3,96,0.4385,0.0787,0.56875
Photo,SAGE,0.25,1,3,318,0.4952,0.0528,0.55875
Photo,SAGE,0.25,0,4,85,0.4320,0.0747,0.56
Photo,SAGE,0.25,1,4,327,0.4835,0.0552,0.55375
Photo,SAGE,0.25,0,5,105,0.4230,0.0830,0.55375
Photo,SAGE,0.25,1,5,316,0.4713,0.0599,0.55125
Photo,SAGE,0.5,0,1,341,0.6370,0.0171,0.66625
Photo,SAGE,0.5,1,1,85,0.3185,0.0685,0.4075
Photo,SAGE,0.5,0,2,341,0.6140,0.0311,0.6575
Photo,SAGE,0.5,1,2,85,0.3185,0.0732,0.415
Photo,SAGE,0.5,0,3,343,0.5993,0.0376,0.6525
Photo,SAGE,0.5,1,3,381,0.3088,0.0637,0.425
Photo,SAGE,0.5,0,4,325,0.5838,0.0449,0.64875
Photo,SAGE,0.5,1,4,77,0.3068,0.0497,0.4075
Photo,SAGE,0.5,0,5,325,0.5707,0.0476,0.6375
Photo,SAGE,0.5,1,5,399,0.2998,0.0581,0.4075
Photo,SAGE,1.0,0,1,13,0.2975,0.1019,0.4275
Photo,SAGE,1.0,1,1,297,0.5755,0.0691,0.6925
Photo,SAGE,1.0,0,2,13,0.2882,0.0939,0.41875
Photo,SAGE,1.0,1,2,369,0.5502,0.1034,0.685
Photo,SAGE,1.0,0,3,13,0.2795,0.0875,0.395
Photo,SAGE,1.0,1,3,243,0.5185,0.1021,0.66125
Photo,SAGE,1.0,0,4,11,0.2735,0.0817,0.3875
Photo,SAGE,1.0,1,4,210,0.5008,0.1053,0.65
Photo,SAGE,1.0,0,5,11,0.2725,0.0806,0.38375
Photo,SAGE,1.0,1,5,162,0.5068,0.0852,0.64
Photo,APPNP,0.25,0,1,252,0.4490,0.0058,0.455
Photo,APPNP,0.25,1,1,163,0.4635,0.0381,0.53125
Photo,APPNP,0.25,0,2,239,0.4465,0.0077,0.45375
Photo,APPNP,0.25,1,2,215,0.4553,0.0388,0.52375
Photo,APPNP,0.25,0,3,253,0.4427,0.0079,0.45
Photo,APPNP,0.25,1,3,215,0.4437,0.0269,0.49
Photo,APPNP,0.25,0,4,252,0.4365,0.0108,0.4475
Photo,APPNP,0.25,1,4,215,0.4328,0.0158,0.45625
Photo,APPNP,0.25,0,5,261,0.4333,0.0095,0.44625
Photo,APPNP,0.25,1,5,216,0.4262,0.0112,0.4375
Photo,APPNP,0.5,0,1,242,0.5673,0.0578,0.6425
Photo,APPNP,0.5,1,1,293,0.3653,0.0175,0.47125
Photo,APPNP,0.5,0,2,267,0.5480,0.0481,0.625
Photo,APPNP,0.5,1,2,293,0.3640,0.0181,0.4475
Photo,APPNP,0.5,0,3,242,0.5257,0.0439,0.6125
Photo,APPNP,0.5,1,3,293,0.3635,0.0170,0.445
Photo,APPNP,0.5,0,4,281,0.5112,0.0365,0.58875
Photo,APPNP,0.5,1,4,113,0.3635,0.0162,0.43625
Photo,APPNP,0.5,0,5,281,0.4978,0.0417,0.565
Photo,APPNP,0.5,1,5,113,0.3628,0.0160,0.43625
Photo,APPNP,1.0,0,1,24,0.3793,0.1489,0.61875
Photo,APPNP,1.0,1,1,197,0.7208,0.0480,0.77375
Photo,APPNP,1.0,0,2,24,0.3558,0.1381,0.58125
Photo,APPNP,1.0,1,2,197,0.7092,0.0557,0.77375
Photo,APPNP,1.0,0,3,24,0.3305,0.1214,0.52375
Photo,APPNP,1.0,1,3,239,0.6938,0.0588,0.7625
Photo,APPNP,1.0,0,4,24,0.3130,0.1017,0.47
Photo,APPNP,1.0,1,4,234,0.6805,0.0529,0.755
Photo,APPNP,1.0,0,5,24,0.3028,0.0968,0.4525
Photo,APPNP,1.0,1,5,234,0.6620,0.0455,0.74
Photo,Cheby,0.25,0,1,321,0.4597,0.0609,0.56625
Photo,Cheby,0.25,1,1,216,0.2360,0.0185,0.2625
Photo,Cheby,0.25,0,2,365,0.4688,0.0638,0.58125
Photo,Cheby,0.25,1,2,192,0.2403,0.0060,0.24875
Photo,Cheby,0.25,0,3,385,0.4577,0.0584,0.56375
Photo,Cheby,0.25,1,3,266,0.2375,0.0106,0.24875
Photo,Cheby,0.25,0,4,328,0.4498,0.0614,0.55625
Photo,Cheby,0.25,1,4,196,0.2345,0.0110,0.2475
Photo,Cheby,0.25,0,5,367,0.4408,0.0552,0.53875
Photo,Cheby,0.25,1,5,132,0.2318,0.0103,0.2475
Photo,Cheby,0.5,0,1,302,0.5355,0.0927,0.66125
Photo,Cheby,0.5,1,1,284,0.2860,0.0649,0.37
Photo,Cheby,0.5,0,2,305,0.5387,0.0956,0.6625
Photo,Cheby,0.5,1,2,228,0.3030,0.0868,0.3925
Photo,Cheby,0.5,0,3,307,0.5168,0.0951,0.6375
Photo,Cheby,0.5,1,3,110,0.3088,0.0918,0.41
Photo,Cheby,0.5,0,4,306,0.4970,0.0926,0.6075
Photo,Cheby,0.5,1,4,136,0.3183,0.1033,0.42375
Photo,Cheby,0.5,0,5,380,0.4758,0.0870,0.57375
Photo,Cheby,0.5,1,5,184,0.3268,0.1079,0.42875
Photo,Cheby,1.0,0,1,393,0.3465,0.1264,0.51125
Photo,Cheby,1.0,1,1,399,0.3663,0.0152,0.42
Photo,Cheby,1.0,0,2,393,0.3053,0.1441,0.50875
Photo,Cheby,1.0,1,2,288,0.3997,0.0377,0.48625
Photo,Cheby,1.0,0,3,393,0.2780,0.1219,0.485
Photo,Cheby,1.0,1,3,366,0.3915,0.0343,0.5
Photo,Cheby,1.0,0,4,393,0.2558,0.1057,0.4725
Photo,Cheby,1.0,1,4,167,0.3932,0.0624,0.51
Photo,Cheby,1.0,0,5,90,0.2457,0.1213,0.4525
Photo,Cheby,1.0,1,5,337,0.3938,0.0321,0.51375
Photo,MLP,0.25,0,1,386,0.4490,0.0016,0.45
Photo,MLP,0.25,1,1,386,0.4490,0.0016,0.45
Photo,MLP,0.25,0,2,352,0.4543,0.0023,0.45625
Photo,MLP,0.25,1,2,352,0.4543,0.0023,0.45625
Photo,MLP,0.25,0,3,334,0.4490,0.0010,0.45
Photo,MLP,0.25,1,3,334,0.4490,0.0010,0.45
Photo,MLP,0.25,0,4,380,0.4490,0.0021,0.4525
Photo,MLP,0.25,1,4,380,0.4490,0.0021,0.4525
Photo,MLP,0.25,0,5,297,0.4467,0.0034,0.45125
Photo,MLP,0.25,1,5,297,0.4467,0.0034,0.45125
Photo,MLP,0.5,0,1,188,0.6053,0.0597,0.655
Photo,MLP,0.5,1,1,12,0.3343,0.0957,0.43625
Photo,MLP,0.5,0,2,190,0.6003,0.0623,0.665
Photo,MLP,0.5,1,2,11,0.3265,0.1044,0.43125
Photo,MLP,0.5,0,3,186,0.5720,0.0529,0.63
Photo,MLP,0.5,1,3,11,0.3245,0.1023,0.425
Photo,MLP,0.5,0,4,193,0.5533,0.0546,0.61875
Photo,MLP,0.5,1,4,11,0.3200,0.1071,0.425
Photo,MLP,0.5,0,5,191,0.5387,0.0512,0.59375
Photo,MLP,0.5,1,5,12,0.3180,0.1091,0.42125
Photo,MLP,1.0,0,1,13,0.3498,0.0569,0.43875
Photo,MLP,1.0,1,1,273,0.4533,0.1044,0.62875
Photo,MLP,1.0,0,2,13,0.3415,0.0835,0.46
Photo,MLP,1.0,1,2,349,0.3907,0.1358,0.6125
Photo,MLP,1.0,0,3,13,0.3295,0.0855,0.455
Photo,MLP,1.0,1,3,351,0.3615,0.1241,0.575
Photo,MLP,1.0,0,4,13,0.3203,0.0891,0.45375
Photo,MLP,1.0,1,4,275,0.3455,0.1054,0.5325
Photo,MLP,1.0,0,5,13,0.3145,0.0922,0.45375
Photo,MLP,1.0,1,5,275,0.3290,0.0857,0.47625
Computers,GCN,0.25,0,1,320,0.4438,0.0710,0.587
Computers,GCN,0.25,1,1,384,0.4844,0.0723,0.582
Computers,GCN,0.25,0,2,321,0.4240,0.0722,0.562
Computers,GCN,0.25,1,2,386,0.4762,0.0674,0.577
Computers,GCN,0.25,0,3,392,0.4058,0.0857,0.538
Computers,GCN,0.25,1,3,385,0.4696,0.0642,0.56
Computers,GCN,0.25,0,4,392,0.3942,0.0891,0.531
Computers,GCN,0.25,1,4,385,0.4598,0.0555,0.538
Computers,GCN,0.25,0,5,392,0.3760,0.0879,0.527
Computers,GCN,0.25,1,5,386,0.4530,0.0462,0.515
Computers,GCN,0.5,0,1,397,0.3682,0.0749,0.472
Computers,GCN,0.5,1,1,307,0.2146,0.0386,0.314
Computers,GCN,0.5,0,2,396,0.3446,0.0675,0.444
Computers,GCN,0.5,1,2,307,0.1940,0.0394,0.3
Computers,GCN,0.5,0,3,274,0.3188,0.0505,0.411
Computers,GCN,0.5,1,3,306,0.1738,0.0331,0.281
Computers,GCN,0.5,0,4,274,0.2992,0.0460,0.382
Computers,GCN,0.5,1,4,375,0.1632,0.0437,0.244
Computers,GCN,0.5,0,5,274,0.2822,0.0392,0.363
Computers,GCN,0.5,1,5,16,0.1616,0.0587,0.239
Computers,GCN,1.0,0,1,360,0.3698,0.0826,0.507
Computers,GCN,1.0,1,1,366,0.3100,0.0637,0.457
Computers,GCN,1.0,0,2,372,0.3522,0.0667,0.499
Computers,GCN,1.0,1,2,366,0.2902,0.0563,0.43
Computers,GCN,1.0,0,3,360,0.3404,0.0864,0.482
Computers,GCN,1.0,1,3,366,0.2712,0.0463,0.394
Computers,GCN,1.0,0,4,350,0.3310,0.0842,0.468
Computers,GCN,1.0,1,4,366,0.2592,0.0451,0.363
Computers,GCN,1.0,0,5,350,0.3236,0.0778,0.45
Computers,GCN,1.0,1,5,366,0.2430,0.0499,0.339
Computers,SGC,0.25,0,1,62,0.4278,0.0692,0.606
Computers,SGC,0.25,1,1,213,0.3664,0.0376,0.455
Computers,SGC,0.25,0,2,59,0.4148,0.0648,0.607
Computers,SGC,0.25,1,2,208,0.3572,0.0420,0.447
Computers,SGC,0.25,0,3,59,0.3954,0.0601,0.601
Computers,SGC,0.25,1,3,190,0.3434,0.0579,0.44
Computers,SGC,0.25,0,4,59,0.3800,0.0565,0.594
Computers,SGC,0.25,1,4,190,0.3326,0.0625,0.432
Computers,SGC,0.25,0,5,60,0.3630,0.0564,0.583
Computers,SGC,0.25,1,5,400,0.3248,0.0315,0.425
Computers,SGC,0.5,0,1,37,0.4464,0.0640,0.511
Computers,SGC,0.5,1,1,281,0.2724,0.0664,0.371
Computers,SGC,0.5,0,2,39,0.4186,0.0635,0.484
Computers,SGC,0.5,1,2,293,0.2562,0.0613,0.344
Computers,SGC,0.5,0,3,39,0.3904,0.0542,0.46
Computers,SGC,0.5,1,3,282,0.2390,0.0637,0.318
Computers,SGC,0.5,0,4,39,0.3796,0.0501,0.449
Computers,SGC,0.5,1,4,282,0.2204,0.0615,0.294
Computers,SGC,0.5,0,5,39,0.3692,0.0451,0.444
Computers,SGC,0.5,1,5,281,0.2036,0.0595,0.277
Computers,SGC,1.0,0,1,63,0.3584,0.0745,0.458
Computers,SGC,1.0,1,1,336,0.2264,0.0227,0.276
Computers,SGC,1.0,0,2,64,0.3276,0.0674,0.424
Computers,SGC,1.0,1,2,64,0.2180,0.0338,0.276
Computers,SGC,1.0,0,3,70,0.3060,0.0729,0.4
Computers,SGC,1.0,1,3,63,0.2102,0.0344,0.279
Computers,SGC,1.0,0,4,71,0.2870,0.0726,0.391
Computers,SGC,1.0,1,4,65,0.2034,0.0340,0.278
Computers,SGC,1.0,0,5,86,0.2758,0.0746,0.378
Computers,SGC,1.0,1,5,62,0.1960,0.0324,0.276
Computers,GAT,0.25,0,1,35,0.1424,0.0607,0.231
Computers,GAT,0.25,1,1,58,0.3062,0.0879,0.48
Computers,GAT,0.25,0,2,289,0.1492,0.0702,0.26
Computers,GAT,0.25,1,2,19,0.3184,0.1120,0.502
Computers,GAT,0.25,0,3,289,0.1452,0.0632,0.234
Computers,GAT,0.25,1,3,59,0.3134,0.0998,0.507
Computers,GAT,0.25,0,4,289,0.1464,0.0654,0.238
Computers,GAT,0.25,1,4,59,0.3172,0.1016,0.509
Computers,GAT,0.25,0,5,289,0.1440,0.0613,0.233
Computers,GAT,0.25,1,5,59,0.3136,0.1060,0.509
Computers,GAT,0.5,0,1,85,0.1524,0.0750,0.262
Computers,GAT,0.5,1,1,111,0.1994,0.1041,0.406
Computers,GAT,0.5,0,2,85,0.1524,0.0750,0.262
Computers,GAT,0.5,1,2,238,0.1946,0.1036,0.41
Computers,GAT,0.5,0,3,85,0.1520,0.0743,0.26
Computers,GAT,0.5,1,3,215,0.1980,0.1069,0.36
Computers,GAT,0.5,0,4,85,0.1520,0.0743,0.26
Computers,GAT,0.5,1,4,215,0.1906,0.1059,0.364
Computers,GAT,0.5,0,5,85,0.1516,0.0736,0.258
Computers,GAT,0.5,1,5,215,0.1918,0.1036,0.355
Computers,GAT,1.0,0,1,107,0.1598,0.1234,0.385
Computers,GAT,1.0,1,1,273,0.1444,0.0993,0.322
Computers,GAT,1.0,0,2,107,0.1578,0.1210,0.383
Computers,GAT,1.0,1,2,276,0.1478,0.1069,0.339
Computers,GAT,1.0,0,3,107,0.1568,0.1193,0.381
Computers,GAT,1.0,1,3,276,0.1432,0.0966,0.316
Computers,GAT,1.0,0,4,107,0.1560,0.1149,0.377
Computers,GAT,1.0,1,4,280,0.1474,0.1060,0.337
Computers,GAT,1.0,0,5,104,0.1546,0.1221,0.373
Computers,GAT,1.0,1,5,392,0.1368,0.0823,0.284
Computers,SAGE,0.25,0,1,308,0.4090,0.0497,0.477
Computers,SAGE,0.25,1,1,396,0.4150,0.0353,0.456
Computers,SAGE,0.25,0,2,274,0.3940,0.0479,0.451
Computers,SAGE,0.25,1,2,281,0.4116,0.0333,0.452
Computers,SAGE,0.25,0,3,274,0.3876,0.0477,0.445
Computers,SAGE,0.25,1,3,348,0.4088,0.0337,0.449
Computers,SAGE,0.25,0,4,274,0.3756,0.0509,0.444
Computers,SAGE,0.25,1,4,299,0.4060,0.0332,0.446
Computers,SAGE,0.25,0,5,274,0.3616,0.0552,0.441
Computers,SAGE,0.25,1,5,197,0.4024,0.0282,0.445
Computers,SAGE,0.5,0,1,301,0.4028,0.0624,0.494
Computers,SAGE,0.5,1,1,43,0.2652,0.0734,0.435
Computers,SAGE,0.5,0,2,181,0.3732,0.0712,0.483
Computers,SAGE,0.5,1,2,30,0.2364,0.0737,0.434
Computers,SAGE,0.5,0,3,181,0.3588,0.0707,0.48
Computers,SAGE,0.5,1,3,25,0.2254,0.1153,0.429
Computers,SAGE,0.5,0,4,181,0.3462,0.0689,0.483
Computers,SAGE,0.5,1,4,158,0.2196,0.0480,0.419
Computers,SAGE,0.5,0,5,161,0.3362,0.0897,0.487
Computers,SAGE,0.5,1,5,26,0.2140,0.0834,0.412
Computers,SAGE,1.0,0,1,167,0.4214,0.0846,0.557
Computers,SAGE,1.0,1,1,357,0.3572,0.0489,0.446
Computers,SAGE,1.0,0,2,167,0.4034,0.0925,0.551
Computers,SAGE,1.0,1,2,205,0.3450,0.0917,0.494
Computers,SAGE,1.0,0,3,167,0.3866,0.0960,0.539
Computers,SAGE,1.0,1,3,392,0.3332,0.0522,0.436
Computers,SAGE,1.0,0,4,167,0.3724,0.0933,0.52
Computers,SAGE,1.0,1,4,331,0.3220,0.0428,0.492
Computers,SAGE,1.0,0,5,167,0.3586,0.0838,0.489
Computers,SAGE,1.0,1,5,392,0.3064,0.0433,0.409
Computers,APPNP,0.25,0,1,126,0.4248,0.0620,0.505
Computers,APPNP,0.25,1,1,201,0.4404,0.0442,0.476
Computers,APPNP,0.25,0,2,126,0.4130,0.0657,0.501
Computers,APPNP,0.25,1,2,166,0.4392,0.0432,0.473
Computers,APPNP,0.25,0,3,128,0.3996,0.0673,0.494
Computers,APPNP,0.25,1,3,234,0.4364,0.0419,0.47
Computers,APPNP,0.25,0,4,125,0.3886,0.0692,0.483
Computers,APPNP,0.25,1,4,195,0.4348,0.0418,0.467
Computers,APPNP,0.25,0,5,166,0.3802,0.0794,0.475
Computers,APPNP,0.25,1,5,225,0.4326,0.0398,0.465
Computers,APPNP,0.5,0,1,136,0.4136,0.0345,0.448
Computers,APPNP,0.5,1,1,178,0.3234,0.0567,0.448
Computers,APPNP,0.5,0,2,303,0.3972,0.0353,0.432
Computers,APPNP,0.5,1,2,178,0.2930,0.0518,0.418
Computers,APPNP,0.5,0,3,251,0.3798,0.0282,0.415
Computers,APPNP,0.5,1,3,185,0.2618,0.0296,0.369
Computers,APPNP,0.5,0,4,251,0.3642,0.0228,0.401
Computers,APPNP,0.5,1,4,185,0.2386,0.0253,0.34
Computers,APPNP,0.5,0,5,251,0.3538,0.0180,0.378
Computers,APPNP,0.5,1,5,185,0.2196,0.0208,0.336
Computers,APPNP,1.0,0,1,337,0.3056,0.0145,0.388
Computers,APPNP,1.0,1,1,212,0.3342,0.0410,0.42
Computers,APPNP,1.0,0,2,341,0.2928,0.0137,0.374
Computers,APPNP,1.0,1,2,212,0.3146,0.0395,0.406
Computers,APPNP,1.0,0,3,341,0.2824,0.0088,0.363
Computers,APPNP,1.0,1,3,343,0.2914,0.0412,0.388
Computers,APPNP,1.0,0,4,334,0.2782,0.0116,0.357
Computers,APPNP,1.0,1,4,367,0.2734,0.0399,0.36
Computers,APPNP,1.0,0,5,341,0.2748,0.0187,0.353
Computers,APPNP,1.0,1,5,372,0.2606,0.0460,0.341
Computers,Cheby,0.25,0,1,387,0.3636,0.0683,0.438
Computers,Cheby,0.25,1,1,369,0.4012,0.0443,0.469
Computers,Cheby,0.25,0,2,389,0.3632,0.0738,0.454
Computers,Cheby,0.25,1,2,384,0.3996,0.0457,0.469
Computers,Cheby,0.25,0,3,391,0.3462,0.0842,0.452
Computers,Cheby,0.25,1,3,393,0.3934,0.0448,0.464
Computers,Cheby,0.25,0,4,389,0.3350,0.0923,0.45
Computers,Cheby,0.25,1,4,364,0.3892,0.0432,0.46
Computers,Cheby,0.25,0,5,323,0.3254,0.0936,0.448
Computers,Cheby,0.25,1,5,313,0.3826,0.0445,0.458
Computers,Cheby,0.5,0,1,398,0.3390,0.0388,0.383
Computers,Cheby,0.5,1,1,88,0.2412,0.0089,0.287
Computers,Cheby,0.5,0,2,400,0.3260,0.0457,0.383
Computers,Cheby,0.5,1,2,88,0.2520,0.0119,0.297
Computers,Cheby,0.5,0,3,400,0.2998,0.0361,0.374
Computers,Cheby,0.5,1,3,87,0.2500,0.0191,0.306
Computers,Cheby,0.5,0,4,400,0.2890,0.0300,0.369
Computers,Cheby,0.5,1,4,87,0.2394,0.0359,0.296
Computers,Cheby,0.5,0,5,400,0.2780,0.0253,0.367
Computers,Cheby,0.5,1,5,87,0.2328,0.0369,0.296
Computers,Cheby,1.0,0,1,387,0.2998,0.0828,0.416
Computers,Cheby,1.0,1,1,329,0.2570,0.0517,0.347
Computers,Cheby,1.0,0,2,394,0.2824,0.0735,0.392
Computers,Cheby,1.0,1,2,288,0.2512,0.0814,0.394
Computers,Cheby,1.0,0,3,387,0.2516,0.0803,0.388
Computers,Cheby,1.0,1,3,365,0.2448,0.0906,0.412
Computers,Cheby,1.0,0,4,387,0.2338,0.0831,0.379
Computers,Cheby,1.0,1,4,356,0.2214,0.1044,0.398
Computers,Cheby,1.0,0,5,150,0.2198,0.1003,0.375
Computers,Cheby,1.0,1,5,376,0.2094,0.0980,0.401
Computers,MLP,0.25,0,1,204,0.4158,0.0628,0.496
Computers,MLP,0.25,1,1,307,0.4494,0.0338,0.467
Computers,MLP,0.25,0,2,218,0.4030,0.0726,0.482
Computers,MLP,0.25,1,2,211,0.4534,0.0361,0.474
Computers,MLP,0.25,0,3,223,0.3888,0.0691,0.468
Computers,MLP,0.25,1,3,294,0.4492,0.0337,0.471
Computers,MLP,0.25,0,4,218,0.3764,0.0639,0.449
Computers,MLP,0.25,1,4,362,0.4460,0.0314,0.466
Computers,MLP,0.25,0,5,218,0.3624,0.0548,0.425
Computers,MLP,0.25,1,5,361,0.4442,0.0306,0.462
Computers,MLP,0.5,0,1,154,0.4214,0.0243,0.457
Computers,MLP,0.5,1,1,201,0.4452,0.0372,0.494
Computers,MLP,0.5,0,2,152,0.4120,0.0240,0.443
Computers,MLP,0.5,1,2,244,0.4292,0.0392,0.487
Computers,MLP,0.5,0,3,153,0.3886,0.0221,0.421
Computers,MLP,0.5,1,3,240,0.3986,0.0342,0.461
Computers,MLP,0.5,0,4,153,0.3624,0.0139,0.392
Computers,MLP,0.5,1,4,277,0.3732,0.0282,0.432
Computers,MLP,0.5,0,5,152,0.3428,0.0097,0.366
Computers,MLP,0.5,1,5,204,0.3502,0.0235,0.393
Computers,MLP,1.0,0,1,311,0.2874,0.0197,0.314
Computers,MLP,1.0,1,1,327,0.3302,0.0551,0.391
Computers,MLP,1.0,0,2,281,0.2776,0.0182,0.306
Computers,MLP,1.0,1,2,288,0.3164,0.0528,0.365
Computers,MLP,1.0,0,3,206,0.2672,0.0272,0.298
Computers,MLP,1.0,1,3,373,0.2912,0.0498,0.337
Computers,MLP,1.0,0,4,251,0.2604,0.0290,0.291
Computers,MLP,1.0,1,4,373,0.2704,0.0559,0.328
Computers,MLP,1.0,0,5,351,0.2540,0.0267,0.28
Computers,MLP,1.0,1,5,173,0.2582,0.0573,0.31
CS,GCN,0.25,0,1,357,0.2901,0.0537,0.3691588785046729
CS,GCN,0.25,1,1,193,0.3441,0.0588,0.4612817089452603
CS,GCN,0.25,0,2,394,0.2842,0.0511,0.3591455273698264
CS,GCN,0.25,1,2,194,0.3382,0.0586,0.4532710280373832
CS,GCN,0.25,0,3,395,0.2788,0.0488,0.35180240320427236
CS,GCN,0.25,1,3,194,0.3291,0.0582,0.44659546061415223
CS,GCN,0.25,0,4,393,0.2733,0.0464,0.3437917222963952
CS,GCN,0.25,1,4,194,0.3207,0.0569,0.44192256341789055
CS,GCN,0.25,0,5,393,0.2681,0.0429,0.33377837116154874
CS,GCN,0.25,1,5,194,0.3131,0.0575,0.43391188251001334
CS,GCN,0.5,0,1,395,0.2828,0.0569,0.3931909212283044
CS,GCN,0.5,1,1,400,0.4570,0.1151,0.6101468624833111
CS,GCN,0.5,0,2,387,0.2738,0.0529,0.3771695594125501
CS,GCN,0.5,1,2,389,0.4495,0.1083,0.6048064085447263
CS,GCN,0.5,0,3,295,0.2661,0.0452,0.3591455273698264
CS,GCN,0.5,1,3,389,0.4427,0.1071,0.6054739652870494
CS,GCN,0.5,0,4,288,0.2606,0.0408,0.35046728971962615
CS,GCN,0.5,1,4,389,0.4346,0.1055,0.5967957276368492
CS,GCN,0.5,0,5,273,0.2569,0.0362,0.3464619492656876
CS,GCN,0.5,1,5,384,0.4284,0.1078,0.5967957276368492
CS,GCN,1.0,0,1,384,0.6239,0.0647,0.7136181575433912
CS,GCN,1.0,1,1,337,0.4004,0.1171,0.5941255006675568
CS,GCN,1.0,0,2,397,0.6107,0.0633,0.6969292389853138
CS,GCN,1.0,1,2,307,0.3905,0.1282,0.5914552736982643
CS,GCN,1.0,0,3,398,0.5985,0.0617,0.6809078771695594
CS,GCN,1.0,1,3,279,0.3684,0.1060,0.5333778371161548
CS,GCN,1.0,0,4,385,0.5854,0.0620,0.6668891855807744
CS,GCN,1.0,1,4,250,0.3591,0.0998,0.520694259012016
CS,GCN,1.0,0,5,398,0.5746,0.0612,0.6542056074766355
CS,GCN,1.0,1,5,243,0.3511,0.1010,0.5013351134846462
CS,SGC,0.25,0,1,25,0.5948,0.0145,0.6128170894526035
CS,SGC,0.25,1,1,15,0.5252,0.0185,0.548064085447263
CS,SGC,0.25,0,2,24,0.5897,0.0137,0.6081441922563418
CS,SGC,0.25,1,2,15,0.5188,0.0187,0.5413885180240321
CS,SGC,0.25,0,3,23,0.5830,0.0123,0.6001335113484646
CS,SGC,0.25,1,3,15,0.5080,0.0220,0.5387182910547397
CS,SGC,0.25,0,4,22,0.5774,0.0111,0.5921228304405874
CS,SGC,0.25,1,4,15,0.4981,0.0201,0.5300400534045394
CS,SGC,0.25,0,5,22,0.5722,0.0129,0.5887850467289719
CS,SGC,0.25,1,5,26,0.4908,0.0308,0.5233644859813084
CS,SGC,0.5,0,1,399,0.3845,0.0089,0.4259012016021362
CS,SGC,0.5,1,1,47,0.4381,0.1197,0.6041388518024032
CS,SGC,0.5,0,2,192,0.3809,0.0096,0.4225634178905207
CS,SGC,0.5,1,2,47,0.4302,0.1185,0.5981308411214953
CS,SGC,0.5,0,3,179,0.3773,0.0113,0.4212283044058745
CS,SGC,0.5,1,3,47,0.4251,0.1182,0.5934579439252337
CS,SGC,0.5,0,4,206,0.3750,0.0120,0.4198931909212283
CS,SGC,0.5,1,4,47,0.4212,0.1165,0.5881174899866488
CS,SGC,0.5,0,5,170,0.3714,0.0131,0.4192256341789052
CS,SGC,0.5,1,5,40,0.4183,0.1189,0.5867823765020027
CS,SGC,1.0,0,1,14,0.6458,0.0247,0.69826435246996
CS,SGC,1.0,1,1,67,0.3037,0.0778,0.43658210947930576
CS,SGC,1.0,0,2,12,0.5937,0.0298,0.6515353805073432
CS,SGC,1.0,1,2,75,0.3015,0.0745,0.42857142857142855
CS,SGC,1.0,0,3,12,0.5433,0.0270,0.6121495327102804
CS,SGC,1.0,1,3,59,0.2991,0.0738,0.4252336448598131
CS,SGC,1.0,0,4,16,0.4995,0.0224,0.568090787716956
CS,SGC,1.0,1,4,67,0.2975,0.0722,0.4192256341789052
CS,SGC,1.0,0,5,19,0.4590,0.0222,0.5260347129506008
CS,SGC,1.0,1,5,67,0.2951,0.0709,0.41388518024032045
CS,GAT,0.25,0,1,1,0.0933,0.0325,0.14085447263017356
CS,GAT,0.25,1,1,1,0.1179,0.0251,0.14753004005340453
CS,GAT,0.25,0,2,1,0.0915,0.0321,0.1308411214953271
CS,GAT,0.25,1,2,1,0.1124,0.0290,0.14819759679572764
CS,GAT,0.25,0,3,1,0.0899,0.0311,0.130173564753004
CS,GAT,0.25,1,3,1,0.1065,0.0294,0.14018691588785046
CS,GAT,0.25,0,4,1,0.0887,0.0301,0.130173564753004
CS,GAT,0.25,1,4,1,0.1024,0.0298,0.13551401869158877
CS,GAT,0.25,0,5,1,0.0870,0.0290,0.130173564753004
CS,GAT,0.25,1,5,1,0.1011,0.0301,0.13351134846461948
CS,GAT,0.5,0,1,1,0.0908,0.0252,0.13818424566088117
CS,GAT,0.5,1,1,1,0.1199,0.0397,0.16154873164218958
CS,GAT,0.5,0,2,1,0.0877,0.0262,0.1348464619492657
CS,GAT,0.5,1,2,1,0.1175,0.0404,0.16355140186915887
CS,GAT,0.5,0,3,1,0.0849,0.0256,0.1328437917222964
CS,GAT,0.5,1,3,1,0.1155,0.0406,0.16755674232309747
CS,GAT,0.5,0,4,1,0.0825,0.0236,0.1315086782376502
CS,GAT,0.5,1,4,1,0.1132,0.0409,0.16755674232309747
CS,GAT,0.5,0,5,1,0.0805,0.0211,0.1308411214953271
CS,GAT,0.5,1,5,1,0.1112,0.0390,0.16421895861148197
CS,GAT,1.0,0,1,83,0.7194,0.0354,0.7790387182910548
CS,GAT,1.0,1,1,1,0.0925,0.0164,0.12283044058744993
CS,GAT,1.0,0,2,74,0.7057,0.0422,0.7676902536715621
CS,GAT,1.0,1,2,1,0.0899,0.0177,0.12082777036048065
CS,GAT,1.0,0,3,85,0.6924,0.0323,0.753004005340454
CS,GAT,1.0,1,3,1,0.0892,0.0194,0.12349799732977303
CS,GAT,1.0,0,4,87,0.6769,0.0310,0.7309746328437917
CS,GAT,1.0,1,4,1,0.0879,0.0197,0.12283044058744993
CS,GAT,1.0,0,5,92,0.6628,0.0308,0.7229639519359146
CS,GAT,1.0,1,5,1,0.0868,0.0214,0.12483311081441922
CS,SAGE,0.25,0,1,330,0.4073,0.0799,0.5387182910547397
CS,SAGE,0.25,1,1,346,0.3854,0.0685,0.46395193591455275
CS,SAGE,0.25,0,2,330,0.4024,0.0772,0.5333778371161548
CS,SAGE,0.25,1,2,399,0.3748,0.0792,0.45861148197596796
CS,SAGE,0.25,0,3,361,0.3959,0.0767,0.5287049399198932
CS,SAGE,0.25,1,3,399,0.3810,0.0666,0.45660881174899864
CS,SAGE,0.25,0,4,330,0.3885,0.0735,0.5246995994659546
CS,SAGE,0.25,1,4,350,0.3744,0.0761,0.45727636849132175
CS,SAGE,0.25,0,5,330,0.3818,0.0712,0.5246995994659546
CS,SAGE,0.25,1,5,266,0.3629,0.0717,0.4279038718291055
CS,SAGE,0.5,0,1,400,0.4350,0.0460,0.49065420560747663
CS,SAGE,0.5,1,1,386,0.4020,0.0586,0.465954606141522
CS,SAGE,0.5,0,2,393,0.4283,0.0452,0.4773030707610147
CS,SAGE,0.5,1,2,384,0.3848,0.0626,0.45660881174899864
CS,SAGE,0.5,0,3,393,0.4211,0.0444,0.4753004005340454
CS,SAGE,0.5,1,3,396,0.3879,0.0371,0.4512683578104139
CS,SAGE,0.5,0,4,393,0.4167,0.0444,0.472630173564753
CS,SAGE,0.5,1,4,379,0.4044,0.0398,0.45927903871829107
CS,SAGE,0.5,0,5,394,0.4099,0.0457,0.4712950600801068
CS,SAGE,0.5,1,5,391,0.3546,0.0529,0.43457943925233644
CS,SAGE,1.0,0,1,357,0.5089,0.0387,0.554739652870494
CS,SAGE,1.0,1,1,201,0.2837,0.0576,0.369826435246996
CS,SAGE,1.0,0,2,394,0.4967,0.0378,0.5387182910547397
CS,SAGE,1.0,1,2,399,0.3471,0.0453,0.41188251001335113
CS,SAGE,1.0,0,3,271,0.4879,0.0368,0.5300400534045394
CS,SAGE,1.0,1,3,398,0.3143,0.0799,0.40520694259012013
CS,SAGE,1.0,0,4,272,0.4790,0.0358,0.5213618157543392
CS,SAGE,1.0,1,4,260,0.2558,0.0885,0.3885180240320427
CS,SAGE,1.0,0,5,363,0.4696,0.0332,0.5113484646194927
CS,SAGE,1.0,1,5,400,0.2935,0.0339,0.3604806408544726
CS,APPNP,0.25,0,1,34,0.4545,0.0590,0.5413885180240321
CS,APPNP,0.25,1,1,308,0.4941,0.0175,0.5373831775700935
CS,APPNP,0.25,0,2,161,0.4493,0.0355,0.5367156208277704
CS,APPNP,0.25,1,2,272,0.4923,0.0156,0.5307076101468625
CS,APPNP,0.25,0,3,73,0.4449,0.0465,0.5246995994659546
CS,APPNP,0.25,1,3,308,0.4880,0.0162,0.5220293724966623
CS,APPNP,0.25,0,4,79,0.4419,0.0434,0.5173564753004005
CS,APPNP,0.25,1,4,262,0.4818,0.0107,0.5173564753004005
CS,APPNP,0.25,0,5,78,0.4399,0.0439,0.5120160213618158
CS,APPNP,0.25,1,5,308,0.4770,0.0145,0.5126835781041389
CS,APPNP,0.5,0,1,80,0.5969,0.1096,0.7757009345794392
CS,APPNP,0.5,1,1,392,0.5328,0.0692,0.6295060080106809
CS,APPNP,0.5,0,2,72,0.5868,0.1164,0.7690253671562083
CS,APPNP,0.5,1,2,351,0.5295,0.0679,0.6214953271028038
CS,APPNP,0.5,0,3,76,0.5760,0.1120,0.7643524699599465
CS,APPNP,0.5,1,3,350,0.5254,0.0685,0.6181575433911882
CS,APPNP,0.5,0,4,80,0.5666,0.1173,0.7590120160213618
CS,APPNP,0.5,1,4,351,0.5224,0.0674,0.6154873164218959
CS,APPNP,0.5,0,5,86,0.5579,0.1262,0.7536715620827771
CS,APPNP,0.5,1,5,351,0.5199,0.0688,0.6121495327102804
CS,APPNP,1.0,0,1,208,0.5290,0.0328,0.5714285714285714
CS,APPNP,1.0,1,1,333,0.4904,0.0441,0.6034712950600801
CS,APPNP,1.0,0,2,195,0.5146,0.0333,0.5574098798397864
CS,APPNP,1.0,1,2,304,0.5035,0.0572,0.6021361815754339
CS,APPNP,1.0,0,3,190,0.5025,0.0304,0.548064085447263
CS,APPNP,1.0,1,3,374,0.4769,0.0473,0.5874499332443258
CS,APPNP,1.0,0,4,193,0.4911,0.0301,0.5313751668891856
CS,APPNP,1.0,1,4,394,0.4725,0.0473,0.568090787716956
CS,APPNP,1.0,0,5,207,0.4801,0.0275,0.5160213618157543
CS,APPNP,1.0,1,5,350,0.4756,0.0442,0.5560747663551402
CS,Cheby,0.25,0,1,389,0.4510,0.0453,0.5
CS,Cheby,0.25,1,1,190,0.1194,0.0626,0.22963951935914553
CS,Cheby,0.25,0,2,392,0.4507,0.0464,0.4986648865153538
CS,Cheby,0.25,1,2,188,0.1211,0.0674,0.24032042723631508
CS,Cheby,0.25,0,3,388,0.4442,0.0422,0.4959946595460614
CS,Cheby,0.25,1,3,379,0.1191,0.0415,0.2356475300400534
CS,Cheby,0.25,0,4,391,0.4358,0.0402,0.49132176234979974
CS,Cheby,0.25,1,4,188,0.1164,0.0629,0.2356475300400534
CS,Cheby,0.25,0,5,392,0.4270,0.0379,0.48798397863818427
CS,Cheby,0.25,1,5,188,0.1186,0.0642,0.23030707610146864
CS,Cheby,0.5,0,1,400,0.3215,0.1178,0.4479305740987984
CS,Cheby,0.5,1,1,340,0.2065,0.0997,0.36315086782376504
CS,Cheby,0.5,0,2,398,0.3206,0.1182,0.4479305740987984
CS,Cheby,0.5,1,2,399,0.2025,0.0969,0.35781041388518026
CS,Cheby,0.5,0,3,399,0.3159,0.1180,0.44192256341789055
CS,Cheby,0.5,1,3,398,0.1920,0.0977,0.35246995994659547
CS,Cheby,0.5,0,4,400,0.3123,0.1159,0.4319092122830441
CS,Cheby,0.5,1,4,394,0.1862,0.1020,0.34512683578104136
CS,Cheby,0.5,0,5,397,0.3085,0.1160,0.4265687583444593
CS,Cheby,0.5,1,5,396,0.1768,0.0929,0.3364485981308411
CS,Cheby,1.0,0,1,400,0.6126,0.0716,0.7142857142857143
CS,Cheby,1.0,1,1,396,0.1314,0.0614,0.20093457943925233
CS,Cheby,1.0,0,2,275,0.6005,0.0739,0.6962616822429907
CS,Cheby,1.0,1,2,396,0.1332,0.0666,0.2076101468624833
CS,Cheby,1.0,0,3,392,0.5853,0.0749,0.6815754339118825
CS,Cheby,1.0,1,3,400,0.1312,0.0656,0.2096128170894526
CS,Cheby,1.0,0,4,390,0.5732,0.0745,0.6675567423230975
CS,Cheby,1.0,1,4,327,0.1276,0.0608,0.19692923898531375
CS,Cheby,1.0,0,5,383,0.5597,0.0717,0.6481975967957276
CS,Cheby,1.0,1,5,358,0.1340,0.0644,0.2109479305740988
CS,MLP,0.25,0,1,23,0.5052,0.0598,0.5761014686248331
CS,MLP,0.25,1,1,32,0.5290,0.0698,0.6134846461949266
CS,MLP,0.25,0,2,25,0.5008,0.0587,0.5747663551401869
CS,MLP,0.25,1,2,32,0.5251,0.0711,0.6134846461949266
CS,MLP,0.25,0,3,25,0.4919,0.0560,0.5660881174899867
CS,MLP,0.25,1,3,37,0.5184,0.0750,0.6134846461949266
CS,MLP,0.25,0,4,26,0.4829,0.0531,0.5587449933244326
CS,MLP,0.25,1,4,38,0.5124,0.0726,0.6041388518024032
CS,MLP,0.25,0,5,25,0.4736,0.0539,0.5493991989319092
CS,MLP,0.25,1,5,34,0.5069,0.0735,0.5967957276368492
CS,MLP,0.5,0,1,69,0.5704,0.0531,0.6889185580774366
CS,MLP,0.5,1,1,70,0.6350,0.0777,0.7590120160213618
CS,MLP,0.5,0,2,71,0.5685,0.0570,0.6862483311081442
CS,MLP,0.5,1,2,76,0.6327,0.0794,0.7556742323097463
CS,MLP,0.5,0,3,71,0.5622,0.0566,0.6815754339118825
CS,MLP,0.5,1,3,75,0.6234,0.0810,0.7496662216288384
CS,MLP,0.5,0,4,397,0.5550,0.0804,0.6675567423230975
CS,MLP,0.5,1,4,78,0.6155,0.0804,0.7363150867823764
CS,MLP,0.5,0,5,395,0.5486,0.0817,0.6635514018691588
CS,MLP,0.5,1,5,77,0.6077,0.0800,0.7316421895861148
CS,MLP,1.0,0,1,389,0.5879,0.0420,0.6315086782376502
CS,MLP,1.0,1,1,96,0.5853,0.0748,0.6735647530040053
CS,MLP,1.0,0,2,383,0.5778,0.0380,0.6328437917222964
CS,MLP,1.0,1,2,101,0.5769,0.0760,0.6542056074766355
CS,MLP,1.0,0,3,386,0.5661,0.0357,0.630173564753004
CS,MLP,1.0,1,3,101,0.5633,0.0746,0.6455273698264352
CS,MLP,1.0,0,4,392,0.5578,0.0327,0.6248331108144193
CS,MLP,1.0,1,4,102,0.5511,0.0773,0.6381842456608812
CS,MLP,1.0,0,5,376,0.5482,0.0313,0.6174899866488651
CS,MLP,1.0,1,5,101,0.5406,0.0764,0.6268357810413885
Physics,GCN,0.25,0,1,102,0.9076,0.0038,0.916
Physics,GCN,0.25,1,1,116,0.9048,0.0067,0.912
Physics,GCN,0.25,0,2,108,0.8992,0.0070,0.912
Physics,GCN,0.25,1,2,112,0.8920,0.0063,0.902
Physics,GCN,0.25,0,3,104,0.8916,0.0071,0.904
Physics,GCN,0.25,1,3,100,0.8872,0.0041,0.902
Physics,GCN,0.25,0,4,103,0.8864,0.0054,0.902
Physics,GCN,0.25,1,4,11,0.8808,0.0063,0.892
Physics,GCN,0.25,0,5,101,0.8816,0.0068,0.898
Physics,GCN,0.25,1,5,97,0.8768,0.0030,0.886
Physics,GCN,0.5,0,1,119,0.9092,0.0011,0.914
Physics,GCN,0.5,1,1,142,0.9084,0.0026,0.914
Physics,GCN,0.5,0,2,90,0.9032,0.0023,0.91
Physics,GCN,0.5,1,2,91,0.9000,0.0020,0.904
Physics,GCN,0.5,0,3,86,0.8992,0.0033,0.906
Physics,GCN,0.5,1,3,400,0.8992,0.0023,0.904
Physics,GCN,0.5,0,4,58,0.8956,0.0030,0.902
Physics,GCN,0.5,1,4,337,0.8956,0.0033,0.9
Physics,GCN,0.5,0,5,50,0.8892,0.0030,0.896
Physics,GCN,0.5,1,5,85,0.8912,0.0030,0.896
Physics,GCN,1.0,0,1,311,0.9152,0.0011,0.918
Physics,GCN,1.0,1,1,382,0.9136,0.0022,0.918
Physics,GCN,1.0,0,2,230,0.9116,0.0026,0.914
Physics,GCN,1.0,1,2,276,0.9076,0.0026,0.912
Physics,GCN,1.0,0,3,149,0.9036,0.0017,0.906
Physics,GCN,1.0,1,3,346,0.9004,0.0026,0.906
Physics,GCN,1.0,0,4,50,0.8960,0.0024,0.9
Physics,GCN,1.0,1,4,381,0.8948,0.0011,0.898
Physics,GCN,1.0,0,5,49,0.8896,0.0041,0.896
Physics,GCN,1.0,1,5,369,0.8896,0.0017,0.894
Physics,SGC,0.25,0,1,--------------------------------------------------
Physics,SGC,0.25,1,1,--------------------------------------------------
Physics,SGC,0.25,0,2,--------------------------------------------------
Physics,SGC,0.25,1,2,--------------------------------------------------
Physics,SGC,0.25,0,3,--------------------------------------------------
Physics,SGC,0.25,1,3,--------------------------------------------------
Physics,SGC,0.25,0,4,--------------------------------------------------
Physics,SGC,0.25,1,4,--------------------------------------------------
Physics,SGC,0.25,0,5,--------------------------------------------------
Physics,SGC,0.25,1,5,--------------------------------------------------
Physics,SGC,0.5,0,1,--------------------------------------------------
Physics,SGC,0.5,1,1,--------------------------------------------------
Physics,SGC,0.5,0,2,--------------------------------------------------
Physics,SGC,0.5,1,2,--------------------------------------------------
Physics,SGC,0.5,0,3,--------------------------------------------------
Physics,SGC,0.5,1,3,--------------------------------------------------
Physics,SGC,0.5,0,4,--------------------------------------------------
Physics,SGC,0.5,1,4,--------------------------------------------------
Physics,SGC,0.5,0,5,--------------------------------------------------
Physics,SGC,0.5,1,5,--------------------------------------------------
Physics,SGC,1.0,0,1,--------------------------------------------------
Physics,SGC,1.0,1,1,--------------------------------------------------
Physics,SGC,1.0,0,2,--------------------------------------------------
Physics,SGC,1.0,1,2,--------------------------------------------------
Physics,SGC,1.0,0,3,--------------------------------------------------
Physics,SGC,1.0,1,3,--------------------------------------------------
Physics,SGC,1.0,0,4,--------------------------------------------------
Physics,SGC,1.0,1,4,--------------------------------------------------
Physics,SGC,1.0,0,5,--------------------------------------------------
Physics,SGC,1.0,1,5,--------------------------------------------------
Physics,GAT,0.25,0,1,2,0.8928,0.0058,0.908
Physics,GAT,0.25,1,1,2,0.8936,0.0054,0.904
Physics,GAT,0.25,0,2,2,0.8868,0.0064,0.906
Physics,GAT,0.25,1,2,2,0.8892,0.0069,0.902
Physics,GAT,0.25,0,3,1,0.8812,0.0120,0.902
Physics,GAT,0.25,1,3,1,0.8828,0.0112,0.894
Physics,GAT,0.25,0,4,2,0.8768,0.0094,0.9
Physics,GAT,0.25,1,4,1,0.8780,0.0140,0.894
Physics,GAT,0.25,0,5,1,0.8728,0.0124,0.898
Physics,GAT,0.25,1,5,1,0.8756,0.0121,0.896
Physics,GAT,0.5,0,1,2,0.8940,0.0091,0.906
Physics,GAT,0.5,1,1,1,0.8896,0.0152,0.908
Physics,GAT,0.5,0,2,1,0.8876,0.0086,0.902
Physics,GAT,0.5,1,2,1,0.8816,0.0106,0.898
Physics,GAT,0.5,0,3,1,0.8840,0.0051,0.902
Physics,GAT,0.5,1,3,2,0.8764,0.0079,0.894
Physics,GAT,0.5,0,4,1,0.8784,0.0074,0.902
Physics,GAT,0.5,1,4,2,0.8720,0.0099,0.892
Physics,GAT,0.5,0,5,2,0.8720,0.0057,0.904
Physics,GAT,0.5,1,5,2,0.8672,0.0074,0.892
Physics,GAT,1.0,0,1,1,0.8836,0.0137,0.9
Physics,GAT,1.0,1,1,2,0.8844,0.0106,0.898
Physics,GAT,1.0,0,2,2,0.8744,0.0128,0.898
Physics,GAT,1.0,1,2,2,0.8744,0.0137,0.9
Physics,GAT,1.0,0,3,2,0.8696,0.0093,0.896
Physics,GAT,1.0,1,3,2,0.8680,0.0114,0.894
Physics,GAT,1.0,0,4,2,0.8652,0.0094,0.896
Physics,GAT,1.0,1,4,2,0.8648,0.0125,0.894
Physics,GAT,1.0,0,5,1,0.8624,0.0115,0.892
Physics,GAT,1.0,1,5,2,0.8608,0.0116,0.89
Physics,SAGE,0.25,0,1,--------------------------------------------------
Physics,SAGE,0.25,1,1,--------------------------------------------------
Physics,SAGE,0.25,0,2,--------------------------------------------------
Physics,SAGE,0.25,1,2,--------------------------------------------------
Physics,SAGE,0.25,0,3,--------------------------------------------------
Physics,SAGE,0.25,1,3,--------------------------------------------------
Physics,SAGE,0.25,0,4,--------------------------------------------------
Physics,SAGE,0.25,1,4,--------------------------------------------------
Physics,SAGE,0.25,0,5,--------------------------------------------------
Physics,SAGE,0.25,1,5,--------------------------------------------------
Physics,SAGE,0.5,0,1,--------------------------------------------------
Physics,SAGE,0.5,1,1,--------------------------------------------------
Physics,SAGE,0.5,0,2,--------------------------------------------------
Physics,SAGE,0.5,1,2,--------------------------------------------------
Physics,SAGE,0.5,0,3,--------------------------------------------------
Physics,SAGE,0.5,1,3,--------------------------------------------------
Physics,SAGE,0.5,0,4,--------------------------------------------------
Physics,SAGE,0.5,1,4,--------------------------------------------------
Physics,SAGE,0.5,0,5,--------------------------------------------------
Physics,SAGE,0.5,1,5,--------------------------------------------------
Physics,SAGE,1.0,0,1,--------------------------------------------------
Physics,SAGE,1.0,1,1,--------------------------------------------------
Physics,SAGE,1.0,0,2,--------------------------------------------------
Physics,SAGE,1.0,1,2,--------------------------------------------------
Physics,SAGE,1.0,0,3,--------------------------------------------------
Physics,SAGE,1.0,1,3,--------------------------------------------------
Physics,SAGE,1.0,0,4,--------------------------------------------------
Physics,SAGE,1.0,1,4,--------------------------------------------------
Physics,SAGE,1.0,0,5,--------------------------------------------------
Physics,SAGE,1.0,1,5,--------------------------------------------------
Physics,APPNP,0.25,0,1,122,0.9092,0.0067,0.926
Physics,APPNP,0.25,1,1,16,0.9052,0.0148,0.922
Physics,APPNP,0.25,0,2,118,0.9052,0.0070,0.924
Physics,APPNP,0.25,1,2,13,0.9028,0.0125,0.922
Physics,APPNP,0.25,0,3,10,0.8992,0.0076,0.918
Physics,APPNP,0.25,1,3,13,0.8984,0.0068,0.914
Physics,APPNP,0.25,0,4,13,0.8948,0.0108,0.908
Physics,APPNP,0.25,1,4,12,0.8932,0.0072,0.91
Physics,APPNP,0.25,0,5,14,0.8908,0.0091,0.904
Physics,APPNP,0.25,1,5,12,0.8888,0.0090,0.908
Physics,APPNP,0.5,0,1,137,0.9148,0.0018,0.918
Physics,APPNP,0.5,1,1,90,0.9176,0.0033,0.92
Physics,APPNP,0.5,0,2,176,0.9100,0.0020,0.914
Physics,APPNP,0.5,1,2,79,0.9048,0.0041,0.914
Physics,APPNP,0.5,0,3,87,0.9048,0.0030,0.91
Physics,APPNP,0.5,1,3,264,0.9008,0.0018,0.906
Physics,APPNP,0.5,0,4,196,0.9008,0.0018,0.904
Physics,APPNP,0.5,1,4,168,0.8976,0.0041,0.904
Physics,APPNP,0.5,0,5,63,0.8964,0.0026,0.9
Physics,APPNP,0.5,1,5,371,0.8912,0.0030,0.898
Physics,APPNP,1.0,0,1,64,0.9188,0.0030,0.924
Physics,APPNP,1.0,1,1,149,0.9168,0.0018,0.92
Physics,APPNP,1.0,0,2,169,0.9128,0.0018,0.916
Physics,APPNP,1.0,1,2,156,0.9116,0.0033,0.916
Physics,APPNP,1.0,0,3,59,0.9084,0.0050,0.916
Physics,APPNP,1.0,1,3,65,0.9084,0.0048,0.916
Physics,APPNP,1.0,0,4,59,0.9016,0.0036,0.908
Physics,APPNP,1.0,1,4,61,0.9012,0.0033,0.91
Physics,APPNP,1.0,0,5,58,0.8948,0.0023,0.902
Physics,APPNP,1.0,1,5,63,0.8964,0.0009,0.904
Physics,Cheby,0.25,0,1,--------------------------------------------------
Physics,Cheby,0.25,1,1,--------------------------------------------------
Physics,Cheby,0.25,0,2,--------------------------------------------------
Physics,Cheby,0.25,1,2,--------------------------------------------------
Physics,Cheby,0.25,0,3,--------------------------------------------------
Physics,Cheby,0.25,1,3,--------------------------------------------------
Physics,Cheby,0.25,0,4,--------------------------------------------------
Physics,Cheby,0.25,1,4,--------------------------------------------------
Physics,Cheby,0.25,0,5,--------------------------------------------------
Physics,Cheby,0.25,1,5,--------------------------------------------------
Physics,Cheby,0.5,0,1,--------------------------------------------------
Physics,Cheby,0.5,1,1,--------------------------------------------------
Physics,Cheby,0.5,0,2,--------------------------------------------------
Physics,Cheby,0.5,1,2,--------------------------------------------------
Physics,Cheby,0.5,0,3,--------------------------------------------------
Physics,Cheby,0.5,1,3,--------------------------------------------------
Physics,Cheby,0.5,0,4,--------------------------------------------------
Physics,Cheby,0.5,1,4,--------------------------------------------------
Physics,Cheby,0.5,0,5,--------------------------------------------------
Physics,Cheby,0.5,1,5,--------------------------------------------------
Physics,Cheby,1.0,0,1,--------------------------------------------------
Physics,Cheby,1.0,1,1,--------------------------------------------------
Physics,Cheby,1.0,0,2,--------------------------------------------------
Physics,Cheby,1.0,1,2,--------------------------------------------------
Physics,Cheby,1.0,0,3,--------------------------------------------------
Physics,Cheby,1.0,1,3,--------------------------------------------------
Physics,Cheby,1.0,0,4,--------------------------------------------------
Physics,Cheby,1.0,1,4,--------------------------------------------------
Physics,Cheby,1.0,0,5,--------------------------------------------------
Physics,Cheby,1.0,1,5,--------------------------------------------------
Physics,MLP,0.25,0,1,390,0.9180,0.0055,0.926
Physics,MLP,0.25,1,1,390,0.9180,0.0055,0.926
Physics,MLP,0.25,0,2,397,0.9160,0.0062,0.93
Physics,MLP,0.25,1,2,397,0.9160,0.0062,0.93
Physics,MLP,0.25,0,3,390,0.9072,0.0033,0.924
Physics,MLP,0.25,1,3,390,0.9072,0.0033,0.924
Physics,MLP,0.25,0,4,13,0.9004,0.0096,0.914
Physics,MLP,0.25,1,4,13,0.9004,0.0096,0.914
Physics,MLP,0.25,0,5,13,0.8952,0.0095,0.91
Physics,MLP,0.25,1,5,13,0.8952,0.0095,0.91
Physics,MLP,0.5,0,1,93,0.9160,0.0020,0.924
Physics,MLP,0.5,1,1,133,0.9188,0.0030,0.926
Physics,MLP,0.5,0,2,129,0.9148,0.0027,0.918
Physics,MLP,0.5,1,2,67,0.9168,0.0023,0.92
Physics,MLP,0.5,0,3,178,0.9092,0.0018,0.914
Physics,MLP,0.5,1,3,59,0.9068,0.0041,0.912
Physics,MLP,0.5,0,4,87,0.9040,0.0024,0.912
Physics,MLP,0.5,1,4,76,0.9004,0.0036,0.906
Physics,MLP,0.5,0,5,80,0.8992,0.0018,0.906
Physics,MLP,0.5,1,5,78,0.8972,0.0064,0.906
Physics,MLP,1.0,0,1,83,0.9176,0.0009,0.92
Physics,MLP,1.0,1,1,83,0.9176,0.0009,0.92
Physics,MLP,1.0,0,2,58,0.9192,0.0023,0.922
Physics,MLP,1.0,1,2,58,0.9192,0.0023,0.922
Physics,MLP,1.0,0,3,175,0.9136,0.0022,0.916
Physics,MLP,1.0,1,3,175,0.9136,0.0022,0.916
Physics,MLP,1.0,0,4,179,0.9088,0.0030,0.914
Physics,MLP,1.0,1,4,179,0.9088,0.0030,0.914
Physics,MLP,1.0,0,5,74,0.9024,0.0038,0.908
Physics,MLP,1.0,1,5,74,0.9024,0.0038,0.908
